"time","id","y"
-0.060794507498706,1,-2.30700028185168
0.236551215649408,1,-2.18377407643615
0.491620722182077,1,-2.06786373359491
-0.415157529956067,1,-2.43700846660492
1.13710424491023,1,-1.76498548094779
2.8702471056696,1,-1.06994965137264
-0.537401037834227,1,-2.48277986632348
2.75182534554219,1,-1.10094469051151
1.58025139622144,1,-1.55575294269728
0.924824110839196,1,-1.86918817229718
3.29999242125268,1,-0.974819091234846
3.21427580598818,1,-0.988225458111875
4.28017617741655,1,-0.919889936672571
2.28161276736371,1,-1.26055859992501
2.72219437491625,1,-1.11125493919585
2.54288292969163,1,-1.16509432331452
3.96220972826638,1,-0.908510273398456
2.8828638970788,1,-1.0641956425796
3.40064747476557,1,-0.954020387313107
5.88156856708561,1,-1.33419755511342
6.28889411925962,1,-1.50916401426136
5.94539215645899,1,-1.36176467827039
6.18050163303651,1,-1.45962078096981
4.40973919411073,1,-0.9324944906292
5.87397040926332,1,-1.32830509480887
6.64309371608498,1,-1.67329660656417
5.13363572897403,1,-1.07272847315761
6.13037824846401,1,-1.44180896583347
6.96136900467377,1,-1.83491123099468
7.22931015799284,1,-1.96936156380028
7.86407694051274,1,-2.26780102302301
6.67394558333906,1,-1.69302513443913
8.42703761072913,1,-2.50787751525339
7.50355410464242,1,-2.10528970254706
7.28288223427832,1,-1.99457276398372
11.0464054134167,1,-2.7279373284351
8.48161350655715,1,-2.53083706640013
8.88743102294806,1,-2.65954451312627
9.4059561637764,1,-2.78185174029794
9.60529775935241,1,-2.81211375448249
8.84125668581011,1,-2.64768433492031
8.49185812132806,1,-2.53532165779148
9.71182563083064,1,-2.817007865802
9.47387466273412,1,-2.79056271271209
10.6272762825631,1,-2.80475970963901
12.4346378671747,1,-2.26441181504689
12.3814273585769,1,-2.28644097118888
11.7266505019625,1,-2.53558470769681
12.357543071275,1,-2.29690585853318
11.1713577494388,1,-2.70070652869054
13.8107161950821,1,-1.72301673753646
13.1376637866504,1,-1.97733682059674
13.3618173438649,1,-1.87894806547552
12.5787262071023,1,-2.20663360810863
14.4611838341537,1,-1.52447069109211
12.1294762089147,1,-2.38602161720702
14.3351253761278,1,-1.55466922718315
12.5332539953454,1,-2.22514269467719
14.5181303768086,1,-1.51508680375935
13.219052266793,1,-1.94285719070036
14.8564266722227,1,-1.45442002739264
14.8034859382251,1,-1.45971513057525
15.4845499688857,1,-1.41417640258667
16.4274097536698,1,-1.56554769740699
15.9802560747937,1,-1.46273758506122
16.0688260670334,1,-1.48064925065929
15.7097635314818,1,-1.42785173198549
16.3864551647624,1,-1.55144638379368
15.2456235722786,1,-1.41657290063896
17.1775760785744,1,-1.85388778747134
18.2241132531311,1,-2.45520424514896
18.8279034866509,1,-2.85718015297496
17.7813683102171,1,-2.18238643403506
17.1323158994757,1,-1.83527978721867
18.4296156637928,1,-2.59148396497149
19.2027068113531,1,-3.10795076910712
19.3315596361738,1,-3.19007114668555
18.2742241850158,1,-2.48846373741009
16.5023029755271,1,-1.58645465100843
19.9807170450033,1,-3.59513896348366
18.8296024489545,1,-2.86013912866775
18.8097320814584,1,-2.84875445272243
21.0383415675788,1,-4.07967161578433
18.8745954831761,1,-2.88443991185936
20.2794714364049,1,-3.75694669508932
20.5647208001813,1,-3.89613562166733
21.3894394242549,1,-4.17506855591
21.289194079685,1,-4.15417739652718
19.8888766564586,1,-3.54371988662248
21.1750336933077,1,-4.12138864510352
22.8804820600712,1,-4.16717659039614
23.1994523058375,1,-4.08021255188514
22.7712494693583,1,-4.18883756796302
24.0445401036623,1,-3.73625771518028
21.8681605091677,1,-4.24512100683234
24.0292493805928,1,-3.74028349766584
23.2932614496999,1,-4.05108393482536
24.6720445526783,1,-3.40773016632007
20.9619463177427,1,-4.05552290910503
22.9715336243976,1,-4.1456194956132
22.2710708936005,1,-4.25277960380158
23.3746024529817,1,-4.02175135409728
25.7738523400078,1,-2.80259244315152
24.6891240645602,1,-3.39752027700712
25.3557679104152,1,-3.02439368309786
26.7009817318931,1,-2.38336444059164
26.4927095412321,1,-2.4636288345762
27.1424170360059,1,-2.25337577604095
25.1416875245953,1,-3.14778251412275
26.6277829849617,1,-2.41481588181947
26.0089530693913,1,-2.67996343246581
26.747352101267,1,-2.37237938363124
26.1336034643848,1,-2.62178409516351
27.330789230694,1,-2.2056645540246
25.3940684122844,1,-3.00446368451033
25.8501202238507,1,-2.76201211001147
30.531740317829,1,-2.85333054720951
29.9358275023402,1,-2.57772267634015
26.3265067210038,1,-2.53105873389877
28.7380941066815,1,-2.19363794313196
28.3246488583701,1,-2.13780003979356
30.2844014646025,1,-2.73490326598338
28.7405456514981,1,-2.19495683010439
27.8020781469023,1,-2.14134266333425
30.102465715822,1,-2.64820066472079
31.7019207425465,1,-3.41861211705018
31.0353631969333,1,-3.09594426135741
30.878600045797,1,-3.02455341862776
29.731497511147,1,-2.49363015823369
31.0879667033103,1,-3.12530725091904
31.2695550190994,1,-3.21699244933457
30.9485911878587,1,-3.05881158955799
30.9587589465182,1,-3.06021981900939
32.4199384453712,1,-3.69558959533079
32.0199518326607,1,-3.54737024465787
32.3945185815291,1,-3.69096309099141
32.178374885382,1,-3.6112362457805
33.8960928566689,1,-3.90875217446507
34.8439470992809,1,-3.73633620657855
33.2008234709592,1,-3.88035907522449
34.8562935369377,1,-3.73200151481895
33.7764725031631,1,-3.91455148857323
34.7912896143857,1,-3.75065639997742
34.5667551234013,1,-3.81209936494503
34.0621730846813,1,-3.89547751830265
36.1203101427528,1,-3.20255398511783
35.0865899074472,1,-3.65667154809981
36.9605685078399,1,-2.77085819421639
35.6736758538113,1,-3.41630327696827
36.362530229361,1,-3.07971760226248
35.6027394249921,1,-3.45002050258753
35.1901706355083,1,-3.62057811577016
36.8723862606099,1,-2.81559591867369
35.4530327904572,1,-3.51291709783017
35.4761681406624,1,-3.50580765283033
35.6599847699209,1,-3.42652644713875
35.9227979623605,1,-3.29668816924466
36.5526482094413,1,-2.97811354425062
37.97701789453,1,-2.322588046227
36.6895931665119,1,-2.91313972201648
39.9358834279741,1,-2.191149411103
38.785286727162,1,-2.11998067569321
40.1342163064219,1,-2.24488113479491
40.7014045674254,1,-2.49051982015373
40.0211896702748,1,-2.2166245002151
39.6087284704454,1,-2.12606237955592
39.4087658603955,1,-2.09970241988153
38.5822045987612,1,-2.15516913383819
42.5383130274528,1,-3.80361920965724
41.5137899851388,1,-2.98642646971367
41.6691266432173,1,-3.10142524923084
42.0458676357291,1,-3.39428135522725
39.0476969645611,1,-2.09983595104933
41.8464996353493,1,-3.23733388984459
41.7628636926878,1,-3.17120856955263
42.1670300946152,1,-3.49234332815776
43.1300326521319,1,-4.30609904013049
42.025515489505,1,-3.38061800033921
43.5893826109109,1,-4.67955280499292
41.0067697952394,1,-2.65454660654723
41.3125817960413,1,-2.85126743112842
43.4173867318745,1,-4.54249425101955
42.0253707447439,1,-3.37924178866402
43.7414700868417,1,-4.79418639928565
44.4528857036104,1,-5.28028527106359
44.0306049249587,1,-5.01063579761603
46.5100731352346,1,-5.7763232129579
45.7207157290801,1,-5.7617693037897
46.594682721189,1,-5.76213648342608
46.1014537271322,1,-5.79426069406044
45.4614952228718,1,-5.70974695397324
45.4260608539254,1,-5.69976240726921
46.6630098208872,1,-5.74687606714106
46.2828127729154,1,-5.7949324557447
45.7714328998946,1,-5.77109496540669
46.1490585677188,1,-5.79954339697588
48.4271747667974,1,-4.98191112557167
46.6177165044685,1,-5.75727997496452
47.5977662756626,1,-5.43710259729783
47.8282058334126,1,-5.32638427330419
48.1905862383815,1,-5.12228260445094
49.5413352283555,1,-4.27478569268782
48.2597710804593,1,-5.08401874367173
48.7044691484721,1,-4.80534516204987
48.5315304968405,1,-4.91675163323036
48.2321195863935,1,-5.09926489291387
48.9933113832565,1,-4.62418536268597
49.7623024825266,1,-4.14399723976912
49.9098504231122,1,-4.05405389213867
51.6267027232993,1,-3.38385368241654
50.7168036248577,1,-3.64826884000198
51.7123565225376,1,-3.3761138305448
50.4774807130278,1,-3.7571461120846
52.1634160123524,1,-3.34727548437071
51.4573222477351,1,-3.41880988040255
51.0062963067307,1,-3.53934974915817
49.4804013568383,1,-4.31257159802719
51.3643168710686,1,-3.4368601945493
51.9979320749198,1,-3.35259069167311
53.295870085476,1,-3.55149648111845
51.8654645743464,1,-3.3602273017339
52.2482170818802,1,-3.35611209830812
53.9592143591158,1,-3.81015009212157
53.8662970473756,1,-3.76944924778976
53.4960559707436,1,-3.61954232478791
55.3136834866142,1,-4.45810597640001
56.5065255626117,1,-4.91132857631237
54.9129296915228,1,-4.26754349228654
53.898553171778,1,-3.78646744231675
56.3739537772736,1,-4.87579899926656
55.6162944208981,1,-4.59837113549598
54.6199374962151,1,-4.12272151788028
55.9255116926339,1,-4.72350822889853
53.8831264383501,1,-3.77197172585422
56.6703001840407,1,-4.94789498741788
56.9213426256898,1,-4.99141762757881
55.8972513042626,1,-4.71248541352033
56.5966674448888,1,-4.93127996512327
56.7696893656715,1,-4.96802897048281
57.4587529938934,1,-5.02660446020088
58.139142684842,1,-4.9404815889982
57.3313256090731,1,-5.02386652280821
59.6821606243435,1,-4.27359828301434
59.6590931475122,1,-4.28892758157724
58.027614053839,1,-4.9598455066202
59.3883247333137,1,-4.43725002353566
58.0902138742693,1,-4.9467722063697
57.7798316679139,1,-5.00089715234955
58.5843267270981,1,-4.80271045056512
58.9446335410004,1,-4.65906631302133
59.9109271828483,1,-4.14201877803096
61.1032694995758,1,-3.41472677119374
62.1045623979586,1,-2.94153423029688
60.4827789428143,1,-3.78511489524378
60.1114153174405,1,-4.01730613270933
62.556832318623,1,-2.81991461806484
61.1726257458713,1,-3.37294281643121
61.9205864492557,1,-3.01166196037317
61.1216972799746,1,-3.40133781824577
61.0978270444483,1,-3.41657077984158
61.1542450937441,1,-3.38374574085785
63.4004531388989,1,-2.78908699963711
62.1719138207293,1,-2.92013067476087
64.3452124270494,1,-3.10461031160715
62.5085686025974,1,-2.83046335975389
65.3996111106879,1,-3.84741210261565
62.3801779196201,1,-2.85648787567785
63.2520922385849,1,-2.77221052511234
63.9282100479105,1,-2.92586199326635
64.9115275612497,1,-3.45640789176766
65.7254357149754,1,-4.14020418546762
65.1792373000692,1,-3.66324827080626
65.7974574340629,1,-4.20694094915901
66.6997557111084,1,-5.1122739967178
66.7818740874391,1,-5.19920952385705
66.6209003327652,1,-5.02990702884382
67.2098355935405,1,-5.63136576259929
64.6976452943112,1,-3.31193876521671
66.6172879905797,1,-5.02792337349588
65.5599147550929,1,-3.9889640873934
66.1163301615034,1,-4.51809708470659
67.9946859151826,1,-6.36464764482464
69.4421718744217,1,-7.22592728827562
68.1119435179188,1,-6.45699266949252
68.2690613940351,1,-6.57971396829248
69.7102320140829,1,-7.29490540767062
68.9029141180675,1,-6.99247656944007
69.7412064680012,1,-7.3001545123138
70.2282942228464,1,-7.34268956680382
70.3179453033964,1,-7.33228008127664
69.405490133881,1,-7.21147268927984
69.3405430437199,1,-7.1907062270312
70.0755350020697,1,-7.3368872657859
70.2032861718109,1,-7.3392346225687
69.5847862387725,1,-7.26200738990287
70.2463831567778,1,-7.3358263567403
70.1372587547469,1,-7.33513632061506
72.1177747251632,1,-6.62976995439316
71.3119313658815,1,-7.07715264391364
72.9660212756034,1,-6.0377673003954
73.0630927747768,1,-5.9652424526537
72.0652488899533,1,-6.6656244211117
72.7243520725111,1,-6.21660745445341
72.8940651177608,1,-6.09499523611227
73.2708658684385,1,-5.82263290650882
73.9717738592141,1,-5.33446226251364
73.8440362943963,1,-5.41442175988132
76.0449894233847,1,-4.57145382409595
73.9889539492682,1,-5.32422493060588
73.8001899244903,1,-5.45076368629939
75.2537952075557,1,-4.70615686304291
73.7420310536883,1,-5.48379187677527
75.979531040128,1,-4.56987469214377
75.6420166464018,1,-4.61213855194271
74.7368944321422,1,-4.90602504382918
75.4524819020759,1,-4.65345094820738
76.0935466152979,1,-4.56816128544726
77.3256493519946,1,-4.77849470708957
75.757258444606,1,-4.59305312144143
77.4578400521667,1,-4.82425773889426
75.828736359278,1,-4.5848618135879
76.7699014087957,1,-4.62660365831487
79.32467705156,1,-5.6878093530718
79.6867421668374,1,-5.84497539537106
76.8064594594488,1,-4.63379914956975
78.915659410636,1,-5.49287997512435
78.7315980368633,1,-5.40545631744488
79.8665708882039,1,-5.91214355693263
78.501432409347,1,-5.29275837021498
80.2181168649571,1,-6.02781672651765
81.3748066393888,1,-6.15069830757314
81.3918180015488,1,-6.15060737483218
78.7119991497247,1,-5.39807083721455
80.2604284140518,1,-6.03733662425878
79.9571507818563,1,-5.94766516440788
80.132182940704,1,-6.00949995060978
81.7619653455767,1,-6.0910925762923
81.7642421938197,1,-6.09054496060633
80.2953008422666,1,-6.0464221714376
80.4727241297924,1,-6.0874718063619
82.4433833487265,1,-5.86631592472037
83.8586314441214,1,-5.01373220910247
82.7882057060241,1,-5.70311135645436
80.8010560927004,1,-6.14463301547896
80.8079445095805,1,-6.14616760354852
85.3671971346669,1,-3.96010393518264
83.7514879292593,1,-5.09370452054705
84.7982760756084,1,-4.33031141276991
83.73543281028,1,-5.10651747942812
83.3396409942883,1,-5.37029359344772
83.3589333944684,1,-5.3590260971123
83.0051489850117,1,-5.57805893462501
86.8455354147984,1,-3.44177749980825
85.6609148180264,1,-3.79967010768804
84.1862339597524,1,-4.77445748125358
87.3717745686313,1,-3.47985431283689
85.2833550930413,1,-4.01425895894906
85.6989065628547,1,-3.78065477207932
86.4204267856324,1,-3.50447057943318
85.398335980126,1,-3.94310766861615
87.4118550156407,1,-3.48114698953699
86.6285548348498,1,-3.46981287444858
88.8092053054512,1,-4.23209275771928
86.6215091113802,1,-3.46372098690239
87.2327974282498,1,-3.45339075813877
88.0886877829134,1,-3.73356893840407
87.92598910756,1,-3.66099809823668
87.5346487472039,1,-3.51007550009253
88.5237148870384,1,-4.00937354232934
90.7205427193855,1,-6.30658481952404
90.816248377168,1,-6.4206752703267
88.5215598236449,1,-4.01189477694202
89.3539393085294,1,-4.74128764501471
90.645150513164,1,-6.21692921203944
88.8457832970396,1,-4.26189016694004
90.8123296648924,1,-6.41615471259221
91.3139127560378,1,-7.00863484421637
89.583240378394,1,-4.97833758278045
88.9385628460658,1,-4.3412746488882
91.16329775772,1,-6.83670201846079
91.2426334002166,1,-6.92546411175706
91.080494527926,1,-6.7412352744689
92.3110786163546,1,-8.02862838373084
93.8659598270493,1,-8.85347029133032
91.9264537642684,1,-7.67028296936185
93.6459759639908,1,-8.80684336262712
92.136337050382,1,-7.87507298595991
93.1031406853013,1,-8.59417858562043
92.6627213195169,1,-8.30995587691478
92.6893591568576,1,-8.33142234272067
95.3738386660268,1,-8.5555389284019
93.5128308388147,1,-8.76489738630101
95.2853791534513,1,-8.60199837802029
95.1243477158575,1,-8.68125179647546
95.9579135113779,1,-8.20647111792514
95.1812363140128,1,-8.65200212358634
96.1257743381999,1,-8.08976643515727
94.8143061667732,1,-8.78701521579465
95.7726839378569,1,-8.33102821903561
95.4541064807662,1,-8.51806655829166
96.0236756951203,1,-8.16006585659353
96.1776824893651,1,-8.05213584529906
96.3103527174879,1,-7.95199164632554
96.7949529799836,1,-7.5761821342394
97.6476510891925,1,-6.8893630103367
96.5509147069765,1,-7.76933956945375
97.4786569056992,1,-7.02477027800449
95.4955092557985,1,-8.49548228491953
98.0998939911056,1,-6.56474145846846
99.9928674963137,1,-5.79040606100512
99.5158053430741,1,-5.87107072761814
99.1755811238688,1,-5.97752685074564
98.5774604029676,1,-6.25622067298583
100.395451908602,1,-5.78993749769513
99.7302417682982,1,-5.82550429322007
96.8864279738232,1,-7.5037033692956
101.571629008856,1,-6.08223058062336
100.796998154155,1,-5.84719507386605
101.927278638007,1,-6.23617022779117
101.133845776859,1,-5.9285835052858
101.097633570264,1,-5.91988084678149
100.840213084331,1,-5.85227552722308
101.540981321596,1,-6.07176933473959
101.623093956512,1,-6.10563969622765
102.416607904232,1,-6.47454184715711
101.853142239542,1,-6.20410732246777
101.620782205717,1,-6.10789033944955
103.965103980488,1,-7.16180795814252
103.731321147025,1,-7.07982562903414
103.149846498997,1,-6.83644153785396
102.064301147956,1,-6.30058088514341
104.563593028736,1,-7.29573699882841
103.01049827037,1,-6.77309586961448
103.35738156151,1,-6.92720735044651
105.827895440615,1,-7.16291814826313
104.335000442917,1,-7.25541495960961
105.257744809786,1,-7.29844920883852
104.905611426277,1,-7.31211394208688
107.251583739842,1,-6.34834488467204
105.290282520344,1,-7.28653779358338
104.949744903065,1,-7.31951075790559
105.389369059266,1,-7.27500178533035
105.998905284626,1,-7.09500135448418
106.733530422349,1,-6.71102131401074
106.489556751434,1,-6.85867956344015
106.879933602815,1,-6.61208192258316
108.274364124947,1,-5.50367116173739
109.582548902839,1,-4.52055999854152
110.04698927775,1,-4.2867201793062
108.045353012797,1,-5.6954119051932
106.430803222241,1,-6.89166088212461
109.496522064217,1,-4.57481324893704
108.645948709111,1,-5.18870443147798
109.124902951781,1,-4.82087658321714
109.351154287627,1,-4.66548395168588
109.195564449672,1,-4.76843174153816
109.187048379669,1,-4.7752183772217
109.06175830286,1,-4.87128822646416
109.169161561382,1,-4.78928087120196
110.540897357427,1,-4.1321651161025
110.524958494827,1,-4.14209385111275
110.022718183767,1,-4.29296101983541
111.696093181234,1,-4.27614074170224
111.202122843685,1,-4.12432412064746
112.757492438122,1,-5.02999872507461
110.992534509766,1,-4.1088148856353
111.064124259671,1,-4.11553776323428
110.969426792011,1,-4.10519326934986
112.641875650475,1,-4.91841868426931
113.030550567269,1,-5.30386393614366
114.009156179949,1,-6.50457541525934
112.958951291934,1,-5.22763225858581
113.365928594809,1,-5.67943724954959
113.179143787084,1,-5.46654411788391
114.771320667668,1,-7.55217948604884
114.016762100961,1,-6.51429166215491
115.996992409016,1,-9.12087817515048
116.121864046851,1,-9.25781043903264
113.268802484505,1,-5.57011984914133
115.233357320513,1,-8.17939982724804
115.425154779623,1,-8.43036649835421
115.825076236746,1,-8.92672862140195
115.007134237482,1,-7.87322671105672
116.37120225625,1,-9.50754328608722
117.064858689384,1,-10.0648781298368
116.419175435754,1,-9.55700098558325
118.671583008501,1,-10.3597731474489
117.19119376872,1,-10.1407438061715
117.25211683591,1,-10.1755873752715
115.626718804279,1,-8.68349724724375
118.273242738736,1,-10.4176773751047
117.126625023472,1,-10.1014085456864
119.601238067902,1,-9.93651222004496
118.638504147457,1,-10.3728761797193
118.582139451921,1,-10.3815981777013
117.288451502175,1,-10.1914735847436
119.202200527136,1,-10.1646107996135
120.004100041148,1,-9.64972973441031
117.950304484104,1,-10.4058663970255
121.353767939922,1,-8.48711850809137
1.96787065751152,2,0.846040730800728
0.763448195522733,2,-0.0402814604467235
1.43863396259873,2,0.479401351696554
2.09579933190672,2,0.930646954222682
0.20491848326913,2,-0.478584334494295
-0.130554974049353,2,-0.71929861750525
0.384908727861211,2,-0.342151427151492
1.05266982039164,2,0.181885821103275
1.75322153081318,2,0.702794275766705
2.04656216872338,2,0.897661467747073
0.52980158255368,2,-0.225095514089884
2.9308452712975,2,1.3370302727592
4.43584065471608,2,1.42435402787674
2.56132847305279,2,1.18134708088853
2.56093949206598,2,1.18074304055558
3.57949808670696,2,1.48537775902418
4.46736024599423,2,1.41521538711732
3.11309916103231,2,1.39162318791312
4.94450301070233,2,1.25479137238006
3.86271585199676,2,1.49598187065579
4.84000771238538,2,1.29644877313865
5.69044130044779,2,0.867066803328002
3.57554933611654,2,1.48020468848408
5.24581639162959,2,1.11681753243935
3.90755123486723,2,1.49053324233314
6.82190771972432,2,0.0944201497087797
6.42955091140605,2,0.378755014272926
7.00916311683244,2,-0.036807636638871
4.43161827334858,2,1.4211183052022
7.33891402169244,2,-0.266879727507181
8.07045769618743,2,-0.700313167050447
7.5067008418625,2,-0.373914318031523
9.45131385772549,2,-1.11743846394474
8.6182370442664,2,-0.942344629373347
10.1981416663048,2,-1.03939782393214
9.08998481942997,2,-1.07380079031616
8.72359302543402,2,-0.977343535342685
8.76237592157067,2,-0.992499983510495
9.56106072790688,2,-1.11774536472782
9.72163880401743,2,-1.11451576873723
9.79576808764211,2,-1.10909576018883
8.81943389902337,2,-1.00690773855192
10.5114315035422,2,-0.944499496375127
10.3556049770711,2,-1.0002169641014
10.2526245202194,2,-1.02814097340509
10.5701427954288,2,-0.927246118342169
10.5291333009145,2,-0.939724168879596
10.9101656813749,2,-0.778424670488568
12.2354307889938,2,0.0433186522907555
13.7335701555382,2,1.02872346579707
12.3181270110712,2,0.108895090163352
12.747737841912,2,0.41396231035188
14.5932186227733,2,1.35193384830068
12.482445864869,2,0.221955036549186
13.6103353493533,2,0.959255536337807
13.8046849918613,2,1.06470418143545
12.1143307314681,2,-0.0336648471522784
14.7149180732328,2,1.3771305640942
15.0349984269642,2,1.40885958069846
13.6868991039258,2,1.00459976989155
13.4038825993653,2,0.844054615126132
14.5184374533866,2,1.33055657757313
14.9491059712536,2,1.40347455499476
17.1702491954558,2,0.489535301609235
15.2407717672666,2,1.40375611993015
14.4611175515266,2,1.32098094145735
17.8244723889972,2,-0.0947538467097159
15.7288896674606,2,1.31255161041004
14.4105719275053,2,1.30079792205101
16.9745402186456,2,0.645518073060518
16.4750733317018,2,0.980358604458688
15.7679122787986,2,1.30137059504442
15.5033528987823,2,1.36925518413364
16.6652581586508,2,0.862691077004837
19.7001818049295,2,-1.78588842499162
18.136660683483,2,-0.394797247058718
17.1288077700057,2,0.521858692729981
17.4814657685894,2,0.217827950637208
18.9522208995051,2,-1.16600069757169
19.1394581167792,2,-1.33790852982794
18.9908875212404,2,-1.20497998100701
19.2313691248499,2,-1.41551690175552
20.5290415601962,2,-2.23332319441265
19.7525273708899,2,-1.81638303678559
19.0083613504434,2,-1.22067713943283
19.150214457314,2,-1.34382662212092
20.2247401570691,2,-2.10396020780266
19.8726234913827,2,-1.90076736857985
20.8239550377073,2,-2.31843188303341
23.4108943212984,2,-1.16878706512862
23.0462405881992,2,-1.5113835884292
22.0712450212484,2,-2.17471760028015
22.1784494535258,2,-2.12198076635894
21.4982737205799,2,-2.34481915959583
23.6724131223754,2,-0.90199354569791
23.6535103532603,2,-0.921165792483023
26.3569658031331,2,1.79992461826843
26.4792196122753,2,1.87473448843823
22.2793280825401,2,-2.06765317445082
22.9562701793516,2,-1.58899934106198
22.5318348614447,2,-1.91087815225387
25.3173942378694,2,0.916810559106401
26.8300253666943,2,2.05104206818552
25.4784188344793,2,1.07490689001827
25.0867167124084,2,0.672823589141481
27.1626196936796,2,2.1526104612575
25.7951985607834,2,1.37423167885396
24.6789124769528,2,0.222117930021377
25.9805074871349,2,1.52634870805584
25.913120171957,2,1.47208296590067
26.640973643272,2,1.96354626018351
27.6221380859735,2,2.20236190088433
27.1178686705846,2,2.14386266240525
29.652700482006,2,1.11524616457519
26.3247192375548,2,1.78055643178909
28.2785836558452,2,2.06178160617161
29.6506170703719,2,1.11455308189532
27.2524756101566,2,2.17595726110017
28.0222018113701,2,2.14005178933833
28.3271877196214,2,2.04055257614921
29.4371773783035,2,1.31056478099194
30.0022695711369,2,0.777302685940407
32.1259137215432,2,-1.22604656658114
29.0290132435389,2,1.64005097684427
30.7838695169064,2,-0.0251052167340145
29.217317901809,2,1.49030121369608
30.5045940461963,2,0.260696153576409
31.0933204381612,2,-0.339893910018321
30.4796663664836,2,0.292150551535864
30.7139680121201,2,0.0456951055730568
30.5221664992949,2,0.245776256689029
31.7541846853424,2,-0.948196316562347
32.8647666832264,2,-1.6229523497094
32.5927380549546,2,-1.50772658471688
33.161308891224,2,-1.70459408042869
33.2178462545125,2,-1.71728097068927
31.7597512714132,2,-0.952244247343627
33.4580796907449,2,-1.74981152698622
33.6303203632803,2,-1.74672465898767
34.5565820044726,2,-1.49716379109187
33.0119413403245,2,-1.6682385721312
32.0976721332365,2,-1.21189533794888
33.8192711927678,2,-1.73311883904645
34.3830529127647,2,-1.57618028700086
33.7158973629625,2,-1.74106490850222
35.1032311434684,2,-1.17753263676729
35.5014599912898,2,-0.881547988424591
36.4653820621991,2,-0.057619695613721
34.5606267637972,2,-1.4978722430511
35.54367725121,2,-0.850661160039437
35.8967028704374,2,-0.556222583272087
33.5424544274215,2,-1.74661814207341
37.1001637901997,2,0.472980442981191
35.9590124685714,2,-0.496876856526342
37.854159659227,2,0.977983941622327
36.963605195193,2,0.367975466910002
37.8175455850802,2,0.957855869961752
36.9493934086777,2,0.357849269491974
39.2096948960707,2,1.26119790511041
38.51400745215,2,1.23620410189197
38.674770232686,2,1.26450677515199
36.4393246201294,2,-0.0793277895170477
39.5790458924497,2,1.16433172295965
37.5704150693893,2,0.811397772170328
39.2679816141049,2,1.25114692010508
41.7740016621616,2,-0.695017296423812
39.6867951005286,2,1.1243279639393
40.9376769147011,2,0.220944999265562
41.2156096154243,2,-0.0681345339200887
38.9946817441656,2,1.27977297503581
40.6422488761745,2,0.493304621532563
40.4012128150968,2,0.695027900149517
42.0603491790909,2,-1.03534342469642
41.3397918560329,2,-0.202562881179619
43.9052889160958,2,-2.87643843600776
42.6439310025685,2,-1.715775174748
42.1846940532205,2,-1.18223325986244
42.1226866716427,2,-1.10748316788513
41.9438638567677,2,-0.900992237793914
41.2064929429301,2,-0.0549404433618589
42.197594101601,2,-1.19650949490392
43.6942396759953,2,-2.73135362069159
44.6764941313532,2,-3.19975956785989
44.5336577471883,2,-3.17049860596345
44.031220597806,2,-2.9532893087625
45.7080396798926,2,-3.03108454527098
42.5734063861057,2,-1.63257330790114
43.3885272030632,2,-2.4763983770389
45.3169250419427,2,-3.18095895405974
46.3490396265002,2,-2.56352139909216
46.0778583818563,2,-2.78986375289869
44.5385075624151,2,-3.17401577028832
46.71518649046,2,-2.19225329128512
45.7973516511151,2,-2.97790058043927
46.6660600654004,2,-2.24723774334069
44.4499982466706,2,-3.14541969757588
46.9879691425483,2,-1.87677874555519
46.9895948351782,2,-1.87109551319731
47.4890430209618,2,-1.20702692565307
47.4910828891147,2,-1.20217305470716
47.2912393111643,2,-1.48017107354158
49.5257230315517,2,1.69951355611307
49.2434319332247,2,1.34766985734575
49.0793603047788,2,1.12956744373852
47.1553664339739,2,-1.65489413884419
48.4823580501206,2,0.262289611235063
49.5803015416008,2,1.76581243688353
50.7771450188642,2,2.78268925888326
51.2265030490236,2,2.91882472539858
49.5429620421416,2,1.72314828517252
49.7079434117608,2,1.91096033669625
51.9109019124549,2,2.83997466334117
48.0652990794513,2,-0.363967895306638
52.5086417622659,2,2.51490554531848
50.5079666878282,2,2.63325845872353
49.3904269343215,2,1.53641367426656
50.6233876853627,2,2.70162340189529
52.7984733496297,2,2.27395467224025
52.5692821086258,2,2.46766326489872
52.143876789588,2,2.74142243377056
53.0801117507737,2,1.99659750012079
52.4129406329764,2,2.58341428614814
53.0506766503246,2,2.02795436399833
53.4452494266027,2,1.59381515721778
53.5522200829546,2,1.46172085820846
56.1557574595611,2,-1.75240331099818
55.4188538772053,2,-0.986029970291455
54.9138902793157,2,-0.351442238904118
55.4828685303763,2,-1.0626096733275
54.7161290142418,2,-0.0821563566695227
55.3140576901756,2,-0.85896948433697
55.5852138955614,2,-1.18219694562157
55.2415644983754,2,-0.772334577711759
55.8307737578599,2,-1.44781762232864
56.8447214469981,2,-2.21177393091369
56.8610972864388,2,-2.22481966767947
55.4077297162752,2,-0.977780829075704
58.3371777558169,2,-2.18684719693703
56.7469478393951,2,-2.16875073494131
57.6497902287641,2,-2.37231138840244
58.7358233860472,2,-1.95270854268553
58.5536927701485,2,-2.06944776169133
57.3464233881883,2,-2.36423919685719
57.4291335227612,2,-2.37226939621745
59.003561045629,2,-1.7553368388514
58.5157534417362,2,-2.09164798433198
60.2277142310235,2,-0.573701549618636
61.3026750577086,2,0.472905913222523
59.1265843940488,2,-1.65737693261554
59.8861501896088,2,-0.929685482770455
60.5652512704741,2,-0.222021332741167
59.9068115964554,2,-0.910528681186451
61.7915105404869,2,0.833303083314639
60.7550277531964,2,-0.0346044833257633
63.4675629678182,2,1.03233757862391
60.725551155714,2,-0.0580594319937965
60.5927483010617,2,-0.1995500796043
62.159384464937,2,1.02475996292949
62.5529772066194,2,1.14334463960089
62.2752549166813,2,1.06673614489457
62.5323670921523,2,1.13720655334097
61.659390538964,2,0.743030558031777
60.0651193445958,2,-0.7427911062964
63.185948544419,2,1.12567879269835
62.4089538459066,2,1.11008981490142
63.5061042755556,2,1.01176963023162
65.9335129383026,2,-1.57927641014945
64.2378631996956,2,0.516139373570993
64.3129018142661,2,0.44303812784129
65.0328318470752,2,-0.355695630370567
64.3642248897341,2,0.392523822335233
64.7328934661848,2,0.00363028562284483
67.3276202719447,2,-3.34645331226599
64.7844820713255,2,-0.0541720613919483
65.9480681782772,2,-1.59351125020293
66.1081197489894,2,-1.81858657289182
67.2155464527808,2,-3.23063202085956
68.7893482109268,2,-4.12865430736195
66.2417053479,2,-2.008049840997
66.7367327871064,2,-2.66385221343879
65.7674380237541,2,-1.34159588408657
67.5119639502724,2,-3.52470003171323
67.0938549715323,2,-3.09290132569333
67.4356217659317,2,-3.45353926446069
67.6727107082173,2,-3.66799354977791
68.8399439683795,2,-4.12818793013107
68.2982027611695,2,-4.03798770976272
68.6948081055565,2,-4.12674951601154
67.8032720373487,2,-3.76747960382997
67.8030830879432,2,-3.76833373894869
69.2850931291171,2,-4.01292909088558
69.1231341961373,2,-4.07381108053108
70.5346537180566,2,-2.85897483125574
69.6890642077485,2,-3.77505670908433
71.5872310137607,2,-1.13978672895491
70.2578989779046,2,-3.20977591326214
72.2600821364511,2,0.111066585256075
70.0637218373625,2,-3.43070060967562
73.1485045405625,2,1.70118188271311
71.7679297878027,2,-0.810506342884727
71.8821417401774,2,-0.595330695951875
73.5911594398694,2,2.3731785418343
72.6940173362343,2,0.910969154151709
73.30928650329,2,1.95741003930896
73.417046247253,2,2.12243172125964
73.6055454479493,2,2.39541996407728
74.3176114854164,2,3.21437773401214
74.5319799322823,2,3.38663832203787
73.030012693164,2,1.50181525518859
74.0051323172714,2,2.90144656980252
74.8621330848051,2,3.57307112983794
73.4380751044099,2,2.1545244509679
74.4392540646611,2,3.31564364576376
76.7743093819573,2,2.78614331426869
76.2171031827597,2,3.31858848662232
76.0037927297697,2,3.46917110016051
76.1650303439346,2,3.36299862865463
76.9373362816698,2,2.58394229804685
77.0961732783111,2,2.37479858869871
76.5843455332516,2,2.99255109397703
77.044734621009,2,2.44490974394618
78.0283759522517,2,0.944715553362424
76.5758333559884,2,3.00461832041284
78.4442431805615,2,0.240347464315725
76.6564583767416,2,2.91741475802566
77.3724687450092,2,1.9851661390654
78.7343505762406,2,-0.245885340548425
79.9003284175701,2,-1.9686612286926
78.6531443024246,2,-0.111001009413072
78.9086305661583,2,-0.533992458555875
79.9992657990199,2,-2.08673407543517
80.5133523972758,2,-2.58964149006097
78.9929212905896,2,-0.66935080816148
79.673276659848,2,-1.68148497757327
78.9796211194977,2,-0.644188645052175
80.2199573309993,2,-2.3250929464526
81.9203491055456,2,-2.95553672816339
80.9806137346828,2,-2.87658695334866
80.5086523340057,2,-2.58720143956756
82.2315928869753,2,-2.83207942960024
81.8186668143561,2,-2.98185415346298
82.4748406779435,2,-2.69216705601978
82.4946153049078,2,-2.67975028270236
83.0581936883312,2,-2.21241541815312
82.6901723207232,2,-2.53427923818066
82.8797997849819,2,-2.37843827551743
82.7306431825651,2,-2.5079015709087
84.3820999622122,2,-0.692232328928604
83.9286679770407,2,-1.24227669917296
84.3874129582148,2,-0.686987856118653
82.9909797358513,2,-2.2707413200824
84.195538308453,2,-0.915569174453747
84.9721686153618,2,-0.011802892692881
85.8989573914269,2,0.784580155953143
84.3300025891564,2,-0.754844076304016
83.4882526549991,2,-1.75458231211925
85.1735992413256,2,0.195889829567441
86.2547940130235,2,0.96718336166317
85.8156041629362,2,0.735937214857704
85.1576175749512,2,0.177010793394381
85.9448915584583,2,0.817349937442913
87.7566734092063,2,0.664538839885715
88.4999332357886,2,-0.0976266782277208
87.0225162259036,2,1.03257215602429
89.1242115021477,2,-0.967401024602857
88.2675174719883,2,0.179959299380346
88.6641685293313,2,-0.306926807008817
88.6978826951825,2,-0.356253823165706
89.6744179542627,2,-1.84118187645397
87.1015803676657,2,1.01195846887663
86.7974548694258,2,1.05925887482857
89.1930425537756,2,-1.07374745858042
90.8630246044059,2,-3.69168921166049
89.7472511523062,2,-1.95840697990851
90.2824601912001,2,-2.82237117350785
91.1664190937597,2,-4.08383228689272
90.6464633040244,2,-3.37802735010312
90.5499869980699,2,-3.23886447065596
89.862138211305,2,-2.14198610858302
90.3310813555428,2,-2.90101778676453
91.5727786734003,2,-4.52230649397334
92.6068499825402,2,-5.0484709066488
90.5989117345672,2,-3.31252565677379
93.0773649051368,2,-4.95967028949361
93.9119497941519,2,-4.25784839819598
93.4039950972581,2,-4.76168778036884
91.9196859981386,2,-4.80764782948071
92.5803659014246,2,-5.04951427246258
92.5634178729143,2,-5.04592906290402
93.6576803016011,2,-4.54073750736822
93.1565982034365,2,-4.9193610602375
92.3961477042801,2,-5.01992900709548
94.2798064714846,2,-3.74807904105072
94.7529671429448,2,-2.94400993103961
94.8256919752808,2,-2.80507160435951
96.4198117187546,2,0.650482194801719
96.2178053192091,2,0.200245049738925
96.1673146699028,2,0.0822514135046112
95.7046187766656,2,-0.956327262456531
94.7954331066419,2,-2.8578059216378
94.8447062148849,2,-2.76588969694564
96.4595014740513,2,0.742170717629608
97.8499666563127,2,3.36504369924074
97.3651927619286,2,2.57680210378816
96.8227709820341,2,1.5192033394998
97.4272707128124,2,2.69414083368967
97.7682875892324,2,3.24646272911978
97.1051626780871,2,2.09304140379233
98.6576968940744,2,4.20994785173366
99.5796094659616,2,4.36631816324476
98.8701081129997,2,4.33316717191966
98.6376318049667,2,4.19986686973946
100.497758883842,2,3.64076802536247
101.101059619823,2,2.76839720842746
99.9008968733535,2,4.204924690333
100.127400955511,2,4.02421355641167
100.590177576361,2,3.52070139825538
97.5788757594035,2,2.95105964493655
101.021280473895,2,2.89638769002478
99.2331417014609,2,4.40955870867061
101.818482180459,2,1.46078262942638
100.626208284512,2,3.47791547224621
100.226245388655,2,3.93531382623336
101.468094021807,2,2.12405695766425
103.412424664072,2,-1.64796532843749
101.194690696517,2,2.60959632239388
101.884890739774,2,1.32824913221265
100.740528988366,2,3.32199533766593
103.644627609835,2,-2.03767227219339
102.726735406473,2,-0.368862290128515
102.753788000077,2,-0.422593834737385
102.530402844659,2,0.0220756113498756
104.358619091228,2,-2.99778673687586
102.30968714003,2,0.472451741068773
103.609824232589,2,-1.98024680302251
104.812178791504,2,-3.39457603447353
104.386328430091,2,-3.02730385167251
105.900307683984,2,-3.58349724037379
106.072899358238,2,-3.51634997880928
105.537560069478,2,-3.64059354455646
105.708751537599,2,-3.63100117453515
105.771696332619,2,-3.62060128874355
105.087467316079,2,-3.54199090298402
107.912463487677,2,-1.62355931508826
107.905139397823,2,-1.63570724873496
105.874192648258,2,-3.5927219363407
109.335571812017,2,0.200207595668492
107.797976812985,2,-1.77888997348775
107.585229093214,2,-2.06684398799796
106.713871990728,2,-3.06766390788361
107.440736534751,2,-2.2530888543689
108.901771868976,2,-0.291779989167204
108.368872529196,2,-0.993194999693209
107.98259605467,2,-1.52725321388885
109.913203448946,2,0.69422982434264
111.386017645189,2,0.740847168067977
111.232950948301,2,0.824470391912078
110.37355957524,2,0.910046237767214
109.754912137556,2,0.582690014846443
110.313562651048,2,0.890232192235464
110.967152013461,2,0.9201292827918
110.678397088269,2,0.956439932004243
110.277717845419,2,0.87916472365749
109.870671553584,2,0.665117854156862
112.145382773927,2,0.0298345116658251
111.348086272001,2,0.761883379270499
111.64858925023,2,0.552497120951781
110.998432876615,2,0.913354213734533
113.130348638526,2,-1.47685227806856
113.909247609334,2,-2.90275439096998
112.181293991686,2,-0.012527237246725
115.014014357781,2,-4.78007665674956
112.913359172276,2,-1.10509037803051
113.307563053159,2,-1.79664973650102
113.687890277801,2,-2.4949636248247
114.633097628874,2,-4.1911215680265
116.069204175016,2,-5.85297626793663
114.5956786146,2,-4.12836716609099
114.772150352262,2,-4.42076332526384
113.77604417095,2,-2.65979771796029
115.197649166356,2,-5.03555004700051
114.995881769823,2,-4.7590078326617
116.471387981297,2,-5.97668305403116
117.087395019203,2,-5.81429763092237
115.497967927864,2,-5.39494283586042
116.536045633892,2,-5.98063904227608
116.235349961118,2,-5.92265882762764
116.105605667113,2,-5.87193744011125
118.180060928129,2,-4.49038157471571
119.216649180364,2,-2.24022118190967
117.5638879605,2,-5.39705437204041
118.996641225464,2,-2.78081286415152
116.918740917944,2,-5.90244477415557
119.974077506046,2,-0.272934007093518
119.020709902697,2,-2.71652558589437
119.180684264657,2,-2.32925261414144
118.647077907495,2,-3.57078366801243
119.915649058026,2,-0.431983918454764
118.885636541063,2,-3.03477083455796
120.873980223544,2,2.02711017349519
-0.485165460614138,3,5.71530697844354
0.711694688089092,3,5.20101977877475
1.03919023833209,3,5.11047714479113
1.3987139513395,3,5.04381358337078
1.58371846140543,3,5.01904512334064
1.2032754417828,3,5.07616473018577
2.71212185179533,3,5.13639204548056
1.43738195326961,3,5.03943106715933
3.69625632138343,3,5.57073305361583
0.522841580424254,3,5.26904773266675
4.17581435260791,3,5.86313561925451
3.38438322030365,3,5.40297230367704
2.06662213051337,3,5.02233765417823
3.98018256943982,3,5.7389929814267
3.38486832333366,3,5.40511588350782
4.07107034959592,3,5.79987574516524
3.78218394531905,3,5.61789615270077
3.68510409986764,3,5.56522956788139
4.84523078575385,3,6.33395046023173
4.18303190270217,3,5.86498062922508
5.30366226465404,3,6.67074388026416
5.46499376872954,3,6.78852655838353
5.33872819472426,3,6.6980655320454
6.22587913887254,3,7.29525231412815
4.02091331896794,3,5.7611882575274
5.39036255731076,3,6.73093336267777
5.43192681361662,3,6.76436226154538
6.5361040570059,3,7.47123452213374
5.64014813299104,3,6.91578729310523
6.53762706721694,3,7.47238075871367
6.6914120657127,3,7.55542176962721
7.27757107117908,3,7.78561186853637
8.40082940387418,3,7.88689046096739
6.91273685483811,3,7.65510514610763
8.107972553622,3,7.90535260771794
10.2445105862799,3,7.04736819519321
10.0360524488649,3,7.18937371478933
7.99264266129061,3,7.90510705794752
9.23070276565528,3,7.64692734870383
9.1617084729304,3,7.67155130439273
9.0006603702808,3,7.74104647329827
11.0498790294196,3,6.41806597047928
11.3633121396597,3,6.15691854202179
9.83386934446323,3,7.321747435138
11.2097596356396,3,6.28129272535357
11.2645468734306,3,6.23503951335171
12.0899493270727,3,5.5692595366865
11.3250599592822,3,6.18863957936489
10.8414455427475,3,6.58510762329943
12.4763312084767,3,5.28360506989535
10.6623933022805,3,6.73187834569032
12.9491940456476,3,4.97878641402935
12.260201802562,3,5.44142407235161
10.6092684861491,3,6.7729541413372
15.7804746360592,3,4.70060155249347
11.2958370276571,3,6.21223758736682
16.0146386573992,3,4.790364834906
13.680743594241,3,4.63451087958974
12.1596462429348,3,5.51351499294721
13.7876637910094,3,4.59564268390193
14.59957367553,3,4.46488238671858
15.3029122942025,3,4.54572619167283
15.9700602256353,3,4.76851661786326
15.102286639089,3,4.50465564499305
14.8928644621692,3,4.47550446624299
14.8680472482051,3,4.47606487636084
16.2921197281761,3,4.92500595223334
14.0602810802592,3,4.52475132842671
16.3970180631529,3,4.97984059126783
17.0999212936132,3,5.38762271902855
17.0247812476311,3,5.34011052373109
15.9766832640458,3,4.77240183149799
17.9935683423404,3,5.95162566757501
18.8348241783004,3,6.44226273708482
16.5035476834967,3,5.03642523942363
19.0466545066147,3,6.53696432903688
16.408384785826,3,4.98582858511033
18.0822686773544,3,6.01446312576667
19.3179330275018,3,6.65645028393376
20.5418630552132,3,6.95078309901957
19.3778420184212,3,6.68235989644558
19.067408116988,3,6.54965299911737
19.749595337242,3,6.80842863557051
19.0132577838485,3,6.53039700033629
21.0394003801355,3,6.9491148692722
21.4482087053677,3,6.90168028195506
18.8668096487929,3,6.45238335248813
20.4172618619684,3,6.93784680410791
21.4312128651783,3,6.90497214803099
22.9665232476655,3,6.46247221438186
20.8096055845103,3,6.96030874152896
20.8895315838344,3,6.95673867694818
22.5806811085129,3,6.59445287337586
22.0879034910023,3,6.75561733614663
23.2986056856859,3,6.34008462137215
22.8331908813337,3,6.51226988823533
22.780948417558,3,6.53003149261654
25.6884570851474,3,5.85904453639631
24.2848408771822,3,6.01950119292296
23.5123418270134,3,6.26506877933687
23.6279878215437,3,6.22439389359705
24.230534182485,3,6.03824174360114
25.2309484042723,3,5.86280334721848
25.9356059653223,3,5.88083152603087
24.1010128993464,3,6.07594899133967
27.9229268859764,3,6.62009338506319
25.0074779355955,3,5.87937372353081
25.8481684401848,3,5.8739535403595
27.3261336715711,3,6.31481639420382
26.7130366522309,3,6.06466271143451
26.1636609745774,3,5.92030012285713
26.6150855242154,3,6.03171922730038
27.7629722669531,3,6.53408990827729
27.0546643994381,3,6.19125753075097
26.9192635331935,3,6.13862907999712
27.5259370069299,3,6.40686100918175
26.1251721932138,3,5.91748887754482
28.0462632864144,3,6.68694306311132
28.5950344191019,3,7.01433595053295
28.9203839780335,3,7.2093234581089
29.129191191754,3,7.33159869136121
31.4774239975041,3,8.16541762920477
30.7208240245184,3,8.04873696741282
30.7161470343651,3,8.04939565762593
29.6822254265555,3,7.63434586695747
31.1552208786486,3,8.13491825454177
30.7426042550053,3,8.06041541195112
30.9271342429265,3,8.10053430874865
30.249783357684,3,7.89515020122924
30.6859379189373,3,8.04566279388231
31.6206754671187,3,8.15919750459506
33.7293809294814,3,7.35867135348899
33.4981544511739,3,7.51048812853952
31.0884110027502,3,8.13439516811896
32.5049352632614,3,7.99966148228886
33.4876414605775,3,7.51187412400369
33.0308425551234,3,7.7746062870125
32.2092045796958,3,8.08528743662675
34.3738950011625,3,6.88875017893456
34.5950598698871,3,6.7084766343234
33.5122873712961,3,7.4987234102701
35.7421480925105,3,5.80618378014368
34.5382333822575,3,6.75783042250745
33.9412528203517,3,7.21288093621124
36.1090837267959,3,5.54910051186868
34.9836433490869,3,6.40362323487972
35.3133018639357,3,6.14104487470251
34.2032461248952,3,7.01761851673407
36.6059265394573,3,5.23406803452473
35.462428117025,3,6.02142832679641
36.2658317209362,3,5.43975645797142
35.7130512210272,3,5.83061318288808
34.6760550196149,3,6.64802100127825
37.3115942985119,3,4.90721579171295
38.4348554029153,3,4.72218564724579
37.8174053764516,3,4.76690312120521
36.4659676115238,3,5.32146769507436
38.5523212516151,3,4.73084429312946
37.7963162407783,3,4.77336084998965
39.5755887135396,3,4.97399560715397
39.8701393037232,3,5.10045276694417
38.4391724860554,3,4.72675476990998
40.440147499036,3,5.39590586331541
40.0170861990728,3,5.17261140127695
39.9114738167104,3,5.12377756414667
40.3289970326197,3,5.33532587753696
37.4010916053725,3,4.87151980949613
40.6273799964956,3,5.50819713519879
40.4417526259446,3,5.39742342643018
41.5581662620985,3,6.07546038186037
41.0293355669559,3,5.74397260742541
41.6045309030094,3,6.10455765826564
43.4164521023843,3,7.02790872662316
40.8047599799446,3,5.6098479975332
42.4142149011457,3,6.57553487831402
43.2494440510795,3,6.97009787575576
43.2370778245693,3,6.9657279467448
42.7894493791972,3,6.76893339930653
42.0079796024625,3,6.3470140755269
42.3413704208804,3,6.53887203242634
43.2496597739254,3,6.97110339951169
45.1832708731398,3,7.26468841282902
44.3367044131534,3,7.24301317738106
45.2332478057095,3,7.26253215798669
44.6154876227476,3,7.26605253093301
44.7647811234826,3,7.27294680718353
43.3371443195256,3,7.00069830445292
43.4939429517441,3,7.05665347438868
44.2204990818669,3,7.22652728357557
47.6053283322749,3,6.78943477923645
45.7291935660999,3,7.20345064237904
45.0167857193027,3,7.27199314077452
46.8138222717328,3,6.97063443325284
45.9738709739542,3,7.15860004830203
46.992834585551,3,6.92965873358221
46.7885560281582,3,6.98095844465688
48.0517040035529,3,6.71156470492233
47.2540974772439,3,6.86780227140412
47.8466535059403,3,6.74363706256333
46.5987790205358,3,7.02142618452365
47.5550324666706,3,6.80073843029655
51.0867732487141,3,7.14100490633216
47.70241704949,3,6.7707253617264
48.0964186884076,3,6.70313820321386
49.3102106878613,3,6.66092629079377
50.1635596545648,3,6.81103693703571
48.842246018027,3,6.64677749746181
49.5710847698765,3,6.69126678202862
49.6957563711941,3,6.70384567864294
51.7663749819023,3,7.46028210986574
50.3968060037496,3,6.87940671573901
52.4073097991537,3,7.77898814598387
52.572141943834,3,7.85834028177626
52.7100304008707,3,7.9270819639617
53.3969238624073,3,8.23141577791843
52.6224783937614,3,7.88255053866311
53.9661427488596,3,8.4160289216061
52.1944787960713,3,7.67370180389733
53.6067805341426,3,8.30806018477706
52.5655126626261,3,7.857933448213
53.4382261799786,3,8.24254580175499
53.534493817909,3,8.2802042942911
54.2167137321613,3,8.47344731815162
55.1189442536107,3,8.53132338891162
54.6084684891495,3,8.53261930808853
55.0278301991826,3,8.5410534965425
54.7025885916136,3,8.53820497840546
54.592050863663,3,8.53166441549627
55.441609541726,3,8.49543317682466
54.5203634908357,3,8.52452322259455
56.0771024991931,3,8.31718488133418
55.1051497061963,3,8.53217960946144
56.4137012638266,3,8.16892238685084
56.2748841570274,3,8.23434161197618
56.3312263319989,3,8.2082526247225
55.9315458480662,3,8.37245329743434
56.8062869438326,3,7.95632685769567
57.5451597920476,3,7.46913521623582
57.798251438287,3,7.27893884809167
58.8966054203221,3,6.40024854287465
57.6004383459402,3,7.42738402046269
58.1598746580527,3,6.99132020450351
57.811006711557,3,7.26839068202969
58.2701950279407,3,6.90463204515598
59.2846344728138,3,6.10137888761805
58.6918519916182,3,6.5648493379924
57.8960257582101,3,7.20280574285121
59.3665254693228,3,6.04065367958275
58.5482510675105,3,6.68218824223697
60.5219917304492,3,5.3129550729756
61.0917618701989,3,5.08705393386576
60.9905267060317,3,5.11765948436531
60.4034597880057,3,5.37203654576315
60.0191203250274,3,5.59063179916375
60.1636523909101,3,5.50483265465883
61.4889321769865,3,4.98926328879407
61.4274696652814,3,5.00186608913673
64.0645672643296,3,5.57250913447456
63.7021670027248,3,5.38934215384881
62.5481010525691,3,4.99266404473832
62.8957036422193,3,5.0793228239883
62.8619056809741,3,5.06606528043711
64.4585984504803,3,5.80005555203392
65.2142068501927,3,6.2626526947398
64.008080608813,3,5.54523867258169
62.7877998573836,3,5.04686936647234
64.719351625282,3,5.95678718506243
64.3795941888477,3,5.75581088207618
65.2532397413881,3,6.28726773504402
64.6606830284558,3,5.92127087564097
66.4735748561847,3,6.97708307394048
65.6917001062521,3,6.55223296549103
66.379988339737,3,6.92694859906204
67.0757180804433,3,7.24187178216517
68.1701028401769,3,7.53505352173643
66.6940078160694,3,7.0822310565611
66.5112646207404,3,6.9943250809097
67.4168648390751,3,7.36409234686712
65.6571232374697,3,6.53028817054132
66.7853187657654,3,7.12799419402009
67.317720748211,3,7.32668922640598
68.1654570862619,3,7.53743554052192
67.4068681076892,3,7.35857755868325
68.9836353657893,3,7.59523044402283
67.1776693815256,3,7.27963613793346
68.761585257889,3,7.58967158953896
70.5462353716685,3,7.46554146313504
68.4397755722746,3,7.56993273483529
70.4031185087324,3,7.47711829151894
68.6490134595922,3,7.58477594230846
71.4490862351005,3,7.36219420022988
70.8333831150791,3,7.4263150761495
72.3775590176528,3,7.34124226164093
70.0663749847252,3,7.52304176216088
70.95893865051,3,7.4124079312095
71.9403943470978,3,7.33985843350417
71.5808148028529,3,7.35086598570479
71.5643760354334,3,7.35392542110357
73.6044057108486,3,7.52905517026776
72.9422991919766,3,7.39111017592992
73.3091665188412,3,7.46072918351046
71.9999233574015,3,7.33289194531765
74.3085207058697,3,7.75212979646713
74.2094826536706,3,7.72399705321592
74.9719434269387,3,8.02622827450732
74.9078401881841,3,7.99715652520263
74.7914728260256,3,7.9519420704343
74.2828825890297,3,7.7469135429575
74.7614501691886,3,7.93529666151343
77.0775706292739,3,8.89466523817897
77.0283592516197,3,8.87871899717684
74.462323623624,3,7.8134281625727
78.3452975953951,3,9.0626505809282
75.8406390638795,3,8.41559116217782
75.6574264542183,3,8.33821266949964
76.0601865103617,3,8.51393712651398
77.059577928597,3,8.88574077790902
77.7176631193746,3,9.03182850464245
76.7960290691788,3,8.80576408789932
78.4419443236418,3,9.0566269004061
78.6222861952313,3,9.03998471763861
75.890811341224,3,8.44200206562177
77.3321018815243,3,8.95994194079634
77.9586690743555,3,9.05643340010432
77.4125670686315,3,8.97784571105823
78.0220630494969,3,9.05921777256923
77.6237023568608,3,9.01502999772388
81.7242802274092,3,7.3046592437274
78.3740073945712,3,9.06326111830887
78.9765961763142,3,8.9726442704327
79.2048203535227,3,8.90995692368816
79.6319580278571,3,8.7453471657284
79.6507432941722,3,8.73820684308598
81.9033147328157,3,7.1535844503117
83.1004691430813,3,6.17368001486582
80.8130463952793,3,8.03453313082373
81.5446000288755,3,7.4506842715556
82.7900724219739,3,6.41162438529321
80.8797152986072,3,7.98874520426983
82.2061192259535,3,6.89827991497012
82.162947840086,3,6.93210436278392
82.4729147469923,3,6.67201843761273
83.0730418635729,3,6.19142013337947
81.7271504878117,3,7.30144481852894
84.4840012973856,3,5.36064888537594
84.5322263589798,3,5.33788513421743
84.3938001892633,3,5.39395481876189
84.0212641919537,3,5.57672266135129
84.915976019204,3,5.2173693480283
84.7132512102418,3,5.27832506595094
85.6722638272923,3,5.1252725530297
83.9907542372419,3,5.58837792396457
84.6954778008703,3,5.28223614679995
85.1900238872476,3,5.16253908113439
85.8733436962361,3,5.13514720989782
87.6122992209113,3,5.70073198526416
86.5488119803034,3,5.25835800653839
85.1854904577205,3,5.16507620414177
85.7566353050208,3,5.12768477330736
86.4818997152065,3,5.23895322876254
87.275688409089,3,5.53714595196695
87.4530465647156,3,5.62067061849205
88.1315512034893,3,5.99518144502579
87.998445935562,3,5.9143742315416
89.5389670854483,3,6.8569618390264
88.1981660958544,3,6.03553763907243
88.6349419701926,3,6.30314902449344
88.9444865198232,3,6.49822393101103
89.8390060735019,3,7.02325936159818
89.8622938235782,3,7.04158804603198
89.6600610896125,3,6.92439238056337
91.2316208474506,3,7.64266629936489
90.2861908530273,3,7.25694819769932
90.2987634689412,3,7.26187428172653
90.2249935443951,3,7.22618995255059
89.9602931360267,3,7.09491414376308
89.3877655623913,3,6.76351808037256
93.4902036604117,3,7.92095780097002
91.592570882792,3,7.74293800990633
89.5066344574678,3,6.84066036551149
92.1805908782127,3,7.85203742793986
92.2640277137609,3,7.86472145181208
91.2579649269783,3,7.6497520144674
93.5778094113708,3,7.91672429475838
92.5332737849702,3,7.89405112001518
95.6797691745834,3,7.91504688296261
95.2426826767156,3,7.89141994395992
94.6278903066504,3,7.88642040995203
94.9599798972106,3,7.8864439342611
93.5456360859704,3,7.91596774094553
95.2388076885674,3,7.88910879715815
96.9217686079944,3,8.1447003508424
96.0558088760588,3,7.95791725781759
95.2705675853949,3,7.88492595918474
95.8009389197815,3,7.93075938807777
97.000695710531,3,8.16719150756954
95.3051569577759,3,7.89040477818216
97.5510714903388,3,8.34624481050527
96.3326719211854,3,8.00534503713902
96.0261899340405,3,7.95683783289624
97.8514885710135,3,8.46294931316732
99.2627716999426,3,9.09135506033672
98.4448604225812,3,8.71790744462353
97.7752201507882,3,8.43068267543084
97.4764220212546,3,8.31610624005077
98.6042959788619,3,8.79241683956049
98.7838017630203,3,8.87465192895345
98.3096176117933,3,8.661371582516
99.6130427632722,3,9.24205497901998
98.7516111072151,3,8.85901405309371
99.6344975882472,3,9.25740009927237
99.149683167988,3,9.03971221997117
99.9203935254401,3,9.3679376722488
99.8018424551009,3,9.32423946392607
101.166848391025,3,9.69733932999203
100.370310269131,3,9.52798132853595
101.179132982012,3,9.70112524499942
100.455090852329,3,9.55484220262002
101.205055032022,3,9.70750779493694
101.4696355144,3,9.72017950421193
101.723977911764,3,9.71982325833209
100.577040687642,3,9.58143573754011
102.968324147864,3,9.40864299608641
103.490912264518,3,9.12596923884104
102.025437227789,3,9.69315841822405
103.421760060437,3,9.16507432040104
102.909196692347,3,9.43339475115286
103.315474403079,3,9.23202774089648
101.632117220232,3,9.72687385273556
103.820797471635,3,8.90995689174368
104.327558720716,3,8.52990540036169
105.405232061915,3,7.56991101483694
105.941626317427,3,7.07671429673016
106.472571665396,3,6.60656422862315
106.095073966274,3,6.93593315819006
105.159859736594,3,7.79746766589258
105.471136896375,3,7.50923500789961
104.361465874184,3,8.49566600590827
109.609906462079,3,5.2835026889428
105.57973369303,3,7.41164980795254
106.391193574369,3,6.67408371486133
107.596065709035,3,5.77962842803066
107.6973344637,3,5.72023320768889
107.201091357722,3,6.03540179044956
108.440545821612,3,5.39709857754371
107.683864824578,3,5.72930696728478
106.20403423278,3,6.84075465762138
107.691148037325,3,5.72566701865705
109.916036285286,3,5.33042395676915
108.83466482585,3,5.30405698367345
110.047581831962,3,5.35953331728959
109.299582729181,3,5.26611722461489
110.720752185184,3,5.59508177007458
108.770261456526,3,5.31926281608329
112.32462027357,3,6.50065001404697
109.911339316365,3,5.33152642604786
113.593839339427,3,7.28309478588182
110.081306242566,3,5.37203294012549
109.870265245281,3,5.32064559363947
110.977945400381,3,5.7134819991288
110.810796787201,3,5.63518855671983
112.701387047037,3,6.74264331401544
110.90848787588,3,5.6771761531404
111.064304824722,3,5.75129324108161
111.523841107206,3,6.00821916721463
112.274981939912,3,6.46639302954962
112.183620043171,3,6.41076652587881
113.032592103273,3,6.94688252738748
114.464591682247,3,7.70698224494652
116.446490593301,3,8.20072974020326
115.258320259414,3,7.99039998421709
113.378802947704,3,7.15594720240333
113.848398567305,3,7.41837237520089
115.818902095622,3,8.11482393271932
114.409630633254,3,7.68643322294593
114.183740548896,3,7.58253687383761
114.785042565775,3,7.83381035389761
115.056281871987,3,7.92721097150577
116.204874398265,3,8.1728787290263
117.03624811856,3,8.23948305753916
114.91645462139,3,7.88189260379355
116.315632250452,3,8.18374389849372
117.333454897573,3,8.25395251096633
116.50676166285,3,8.20681793988378
118.479940768379,3,8.31005116966813
117.683510588862,3,8.26728696464186
117.262358222892,3,8.2532395175482
117.753734663886,3,8.26721481298314
117.403646267987,3,8.25286152182824
119.204483687304,3,8.39436249644994
118.27917869671,3,8.29239387694396
118.277319078156,3,8.29092402597678
119.951423698916,3,8.5553517301594
120.380766584809,3,8.68180747662705
122.010692956908,3,9.40905960222982
120.75058161441,3,8.82133353068978
120.226904941812,3,8.63780659018416
121.179180947182,3,9.00159323587932
120.00078248314,3,8.56707849329288
120.409848228027,3,8.69675574829018
0.402428771888985,4,10.6929291654205
-1.33966812873101,4,10.2038164247784
0.614659522063336,4,10.7780016895987
1.24415108271451,4,11.0184285653129
0.178339201447112,4,10.6185383589421
0.767459153488877,4,10.8311109801849
1.82598394323738,4,11.2392677997661
2.21443607236857,4,11.3907344619478
2.83610435388444,4,11.6015092425715
3.05252676749742,4,11.6697913803944
2.35429146600274,4,11.4405371991691
4.18406801722463,4,11.9151882914466
1.90963460823152,4,11.2809660627474
3.64175831835426,4,11.8143674903455
2.68178677591014,4,11.5541132914679
3.25983866237598,4,11.7291402302169
1.8249369649264,4,11.2446729375384
4.2513391660871,4,11.9268538281857
1.60966498123937,4,11.1611181768728
4.08521770184899,4,11.9023221159111
3.35558159578329,4,11.752491780241
5.03399546019756,4,11.9771408861846
6.81772562088943,4,11.7726486102009
6.05094538875674,4,11.9112949201763
5.43603215154672,4,11.9696294808517
6.62003227177013,4,11.8131805297482
5.70202624997652,4,11.9501183189027
5.53353859447602,4,11.9623908281518
6.17514768934322,4,11.8929555711473
6.9653572448372,4,11.7355123456201
7.73452516683072,4,11.5361370522297
6.36003551636038,4,11.8623465401531
7.5790843686922,4,11.5778431521298
9.05184754744462,4,11.1626705585353
8.0473360924592,4,11.4467881092522
8.86981491145247,4,11.2094419629402
10.481625038343,4,10.8425648522224
8.18647696571011,4,11.4077332693097
8.30803620714064,4,11.3737881995308
10.5626894210889,4,10.8267331368417
9.83629872653777,4,10.961911574214
10.9407741222509,4,10.7781907164758
10.5762020982936,4,10.8206331311789
9.20656764449759,4,11.1194889878103
10.3347523768078,4,10.8662429478739
12.6065031839052,4,10.6889250325793
9.68545547924666,4,11.0016181075716
11.605182019137,4,10.7096711654561
10.620973227936,4,10.8171160203143
11.7184263124165,4,10.7044988462242
11.801930213163,4,10.6980234204478
10.5954589111265,4,10.8239098926129
12.0625110950623,4,10.6894970717668
12.4256649705988,4,10.6881869787708
12.5289805122389,4,10.6841278880883
15.2113256185852,4,10.7883844818632
14.9054705587038,4,10.785782581605
14.0807755459988,4,10.7483182670783
13.3665468005342,4,10.7105990469882
14.9407608751501,4,10.7850362108627
15.5826569852556,4,10.7959959893526
13.6956616914297,4,10.728073893682
15.6487017635815,4,10.7934426415221
16.2662639608156,4,10.7816464332655
14.5490986747505,4,10.7706182827999
16.7135618729367,4,10.751126368566
14.66371717313,4,10.7754990892278
14.6077734870195,4,10.7718990705338
16.0149094662558,4,10.7888981059975
17.0414445338544,4,10.7230283613315
15.1883453337731,4,10.788332062403
19.3515454676472,4,10.4141939496476
16.2929758411178,4,10.7751897965049
17.4610357871377,4,10.6765021289938
16.0365400958826,4,10.7891114016931
17.5538813500062,4,10.6703077447149
18.6521693010991,4,10.5112437726398
18.5731950621516,4,10.5272026129768
18.6102564949863,4,10.5215830365595
17.7607340566628,4,10.6371119794014
18.5175444660002,4,10.5335654969585
20.5936275597787,4,10.3071395440584
18.9120277682334,4,10.4777225556284
18.0633616093398,4,10.600466282113
18.9876256645761,4,10.4613148941396
19.5738610535675,4,10.3871652473771
21.2316813452185,4,10.3037199177972
22.0718002793764,4,10.3915446311112
22.0206958955895,4,10.3859290346496
20.4318037110071,4,10.3113178763523
20.252522318463,4,10.3245523497913
22.4065118987512,4,10.4532167996213
23.6475989472163,4,10.8311736363209
21.3428619462718,4,10.3108836197031
21.8483566254392,4,10.3638073822471
23.6853844203512,4,10.8445764975548
23.1338211380812,4,10.6496647900262
23.3199828405093,4,10.7130337262576
24.3005472418935,4,11.1003556918246
23.9047178862512,4,10.9341081267203
24.3557642336956,4,11.1261821332735
23.2001396728438,4,10.6728897613115
24.5174759019263,4,11.199105498283
23.3683064500431,4,10.7318661673743
24.4329240614986,4,11.1623304863683
25.7203486174259,4,11.7746048945243
27.0479624252185,4,12.3637015437539
27.0778632716021,4,12.3738164792641
25.8855223767176,4,11.8575000817547
25.51529305376,4,11.6779592993261
25.3691060762601,4,11.6068575188613
26.037555723011,4,11.9290904348098
28.0395767308541,4,12.6676771473423
27.2149121671537,4,12.4230014351245
27.9488541982853,4,12.6457681186327
28.8887034684432,4,12.808681445401
29.7952980457833,4,12.8183467032966
27.2985808753174,4,12.451059892191
29.0621835510584,4,12.8194500544806
28.5573105138578,4,12.7665912636046
30.4018494849265,4,12.7383621202045
27.3366035172861,4,12.4682630601758
28.5231827949166,4,12.7662692019612
31.2894467641404,4,12.5518176562825
30.5193795256616,4,12.7221450665885
31.1640665234267,4,12.5815892616042
29.8324328386377,4,12.8141469724716
30.7160248742725,4,12.6864134116921
30.5937875052218,4,12.7093320279886
31.2447358458378,4,12.560188742671
30.8126045657224,4,12.6717821585229
31.4378793793163,4,12.5076539649354
32.2510885997531,4,12.2635571388193
31.7745583224594,4,12.4140625723344
32.7192777478896,4,12.1178769812927
31.7497147611367,4,12.4199685035639
31.6486032747524,4,12.4483125395834
31.7310685454177,4,12.4302624173873
33.1454706957979,4,11.9741430075294
34.3021852878475,4,11.6439699820073
33.1318531982841,4,11.9820291894022
33.1856541205723,4,11.9634877383029
32.548089180919,4,12.1681326341642
32.9063339158809,4,12.0529276063682
35.1427125461411,4,11.4515139119412
34.4385053691483,4,11.6053813453882
35.6017766383992,4,11.3722329364552
35.3665426072129,4,11.4120934813693
35.6430717017727,4,11.3715211768021
36.2638537069613,4,11.2914535382532
36.0653386411705,4,11.3126066322606
33.6824112885625,4,11.8142780086922
36.1727219273741,4,11.3013313997366
36.0291381541394,4,11.3167609100205
35.2747360951724,4,11.4311761824487
38.040621861888,4,11.198035867342
37.4567927396297,4,11.2152799754219
38.3549957813463,4,11.1853266926273
38.9938149507214,4,11.1582902435577
37.8193846994029,4,11.203988709172
37.862739058936,4,11.2013572651425
38.5639029571599,4,11.1823409580645
41.7164287553663,4,10.868832815176
38.2000277274859,4,11.1930794106646
41.2376119661612,4,10.9448989623812
40.3604273032855,4,11.0571769364538
39.3835523222322,4,11.1398032842144
40.0063223085915,4,11.0950883835139
39.7966915873873,4,11.109469832215
42.2548248273303,4,10.7833498248409
38.708205854187,4,11.1733375527875
39.6992760854755,4,11.1150979815993
42.1668003270716,4,10.7943557824501
39.7772484640042,4,11.114892861445
40.6309677134173,4,11.0279492836793
40.1463495989674,4,11.0800559964416
41.7357548136603,4,10.8666232740511
42.8113641848669,4,10.6915871777582
41.0724351591402,4,10.97304313503
43.5919500692908,4,10.5846512959653
42.9372950639936,4,10.6725776761596
43.1553203422657,4,10.638980187292
44.4881993733587,4,10.5200018748199
44.4659294200872,4,10.5227444386028
43.9687091801791,4,10.5424811436748
45.6318419818489,4,10.5897818552392
44.793052255816,4,10.5192229472734
44.5760581567421,4,10.5226167406058
44.5002249802287,4,10.5218864706684
45.1230486030301,4,10.5355801541496
45.7290760927872,4,10.6085303233881
46.9037475906959,4,10.9104240308401
45.8152956284331,4,10.6206361340883
47.1721574156199,4,11.0140198996199
46.4572391272928,4,10.7691328123199
45.2162536628705,4,10.5419061180241
45.4736459168221,4,10.5708872710384
46.7198790600877,4,10.8490557354803
48.6155339104879,4,11.7147515583777
48.2309636313797,4,11.5063107855866
47.3208523637628,4,11.0728574996192
48.4487432890904,4,11.6239707894094
49.4891005576131,4,12.2154737646065
49.0965585595105,4,11.9912483886185
49.5297907059359,4,12.2451302701728
49.5600584602178,4,12.2559500772118
50.557792954302,4,12.8167277108606
50.8087306078912,4,12.9405416883237
50.4638451647833,4,12.7594539764943
50.2110072599245,4,12.6309425538012
50.2647771535013,4,12.6568975392238
50.8032978116151,4,12.9361976289801
50.2781746696123,4,12.6667569764936
52.8383163019895,4,13.6297987752066
51.0588465591103,4,13.0607636128308
50.5819001179236,4,12.8250489689432
52.3801475747402,4,13.5415759156364
51.4214319380296,4,13.2220804318502
53.7334319022185,4,13.6851234038839
52.4009658548594,4,13.5440405335521
52.235973511038,4,13.4982036437585
52.5558291550445,4,13.5806549358277
52.0673535577933,4,13.4536885147313
52.4980079731171,4,13.5633483886311
53.4224767576528,4,13.6838414126652
52.2934280944187,4,13.515637632132
54.6577851896809,4,13.5854229898648
55.5575004511003,4,13.3634375590182
53.5107849095438,4,13.6873481846316
55.5606521962353,4,13.3683292483053
54.929969765265,4,13.5304374649378
54.6833520987767,4,13.5849068136827
59.1154797497869,4,12.163699448974
57.1670213995724,4,12.8086851748747
55.902272495674,4,13.2605266564749
56.2575217293702,4,13.1397275434887
56.5395487161559,4,13.043800097011
57.0500072118634,4,12.8512905140147
56.3052649911294,4,13.1249509158887
56.467043197782,4,13.0671303488262
58.077713098292,4,12.4855747052669
58.8509474199983,4,12.2405405586887
58.2292862802467,4,12.4327943327984
58.6077343696295,4,12.3099102102116
57.6968114401249,4,12.6161151591909
58.1601275525154,4,12.4580260785652
59.4962117814242,4,12.0675059056961
58.8442464930438,4,12.2412714658857
60.052847545752,4,11.9436129940455
58.9459260824648,4,12.2112391942722
58.380493363291,4,12.3868360132999
61.4791078301889,4,11.7132831535295
61.8131701327751,4,11.6746931345594
60.2403428539982,4,11.9069759492958
60.9161218703639,4,11.7909389078934
63.6879131228197,4,11.4440538323257
61.8869307377347,4,11.6628303326782
60.4694812364136,4,11.8616051271463
62.8182188482849,4,11.5551489784245
62.1802406772572,4,11.6326978777407
61.6039141070036,4,11.6907603710046
63.3250240544544,4,11.4951236222907
63.7890087843494,4,11.4318525147473
63.1784775244885,4,11.5149483890257
63.0482033750603,4,11.5338987640326
63.4676562380495,4,11.4747690246656
63.9099191208616,4,11.4119963932563
63.7810660515423,4,11.4338971014883
64.5509657141463,4,11.3073278097072
64.2635503062382,4,11.3579287153362
64.5725546084082,4,11.307540016573
64.0438397950524,4,11.3925848760083
64.4427435358366,4,11.3334274652189
64.4755642370516,4,11.3252354982586
66.3568406049844,4,10.9757784130498
64.833484475391,4,11.2621461624104
68.4037045319794,4,10.7399991150422
68.7102424034536,4,10.7374417898285
66.8498352975343,4,10.8855880813841
66.4531695907792,4,10.9551743222493
67.7448733743995,4,10.7667271315507
67.7193086066031,4,10.7721058948761
69.5224968090952,4,10.8249135281496
67.5872451477873,4,10.7848276660923
67.5075964434026,4,10.7937478128989
68.8207933593787,4,10.7451694011087
69.1777200016653,4,10.7772962870604
68.6424620470186,4,10.7393117527899
66.697772550013,4,10.907318569564
69.6198065454769,4,10.8435749767884
71.0350202418179,4,11.3013839583173
69.8122211775839,4,10.883273937756
70.242598620681,4,10.9985247913571
70.7552451443327,4,11.1786609577674
70.7305385249846,4,11.1724297105796
72.9101816979895,4,12.3810253078915
71.0648428165185,4,11.3110421921598
71.6045650582798,4,11.5826416482557
71.2447139508534,4,11.4004367617136
72.7257387830681,4,12.2583115901247
74.0888623034129,4,13.1680348812184
73.2021923082629,4,12.5732360570145
73.2510429312493,4,12.6070290511596
72.7053296602728,4,12.2421479070807
74.2697036187161,4,13.2862238219057
72.7111514933727,4,12.245293481017
72.9261318542079,4,12.3918601942064
74.6028807577923,4,13.4971127343248
74.6983090854679,4,13.5523588418918
72.9789452726446,4,12.4220445975204
73.9995298594792,4,13.1072631848791
75.219392453355,4,13.8440613295273
75.016520316318,4,13.7343088699608
75.9189960184428,4,14.1703984691237
75.4208175401485,4,13.9447037378346
76.3480399709371,4,14.328663218085
76.8546307745626,4,14.4582582474226
75.4315342829007,4,13.951590608681
76.5335956599417,4,14.3814431122323
76.117391107331,4,14.2492919092813
77.6096265887627,4,14.5530968549705
77.0035926408118,4,14.4866120978826
78.0623664147473,4,14.5494054248689
76.1433949395274,4,14.2546594495757
79.4983183389388,4,14.2758672353608
76.7541846283151,4,14.4412799027627
77.70266775067,4,14.5558585971332
79.0341531274384,4,14.4060293799444
78.3499081737155,4,14.5258245911518
79.4207042513662,4,14.2982126529469
77.9721052476625,4,14.553324641567
78.8731051559916,4,14.4431439859767
77.4849825390444,4,14.5473121818461
80.1883905728403,4,14.0459156490591
79.0413682148746,4,14.3998695949241
80.7231533523599,4,13.8363890478295
80.4350067482916,4,13.9496650617332
81.9571798434776,4,13.3187673493238
80.5927915576962,4,13.8897779983947
81.4839525870649,4,13.5181269463508
82.3095039278162,4,13.176625063545
80.9347344893868,4,13.7445617655766
82.0812563944504,4,13.2684688185832
82.0179800533971,4,13.2898803382941
82.3183322719826,4,13.1728731197959
84.3549241800471,4,12.4866653303967
83.9696750048475,4,12.5912902757238
85.3983023879848,4,12.2287694316329
83.9778907865101,4,12.591997724104
83.9565656713312,4,12.5943968534835
82.2243057817755,4,13.2068862363207
86.6338176019394,4,11.9819075735239
84.7001542579828,4,12.3926731599175
83.1704857377297,4,12.8507626692865
85.9697013855984,4,12.1142452857198
84.8702274823325,4,12.3487637845399
85.9330147140081,4,12.1172762305079
86.1175942961856,4,12.0820520584791
86.5846511427732,4,11.9879555936777
85.2623102056458,4,12.2603150739468
86.9077397897523,4,11.9251431589067
85.7799159714661,4,12.1483430658148
87.8349857658331,4,11.7368269263144
87.5296889283415,4,11.804497786786
87.8123372374895,4,11.7460857555975
87.6249653991064,4,11.7805870389597
85.6160676251375,4,12.1890183391644
86.6429646571167,4,11.9813893063807
88.7239580020739,4,11.5469493220725
87.1520204078801,4,11.8780255654929
88.1426586177555,4,11.6733964465234
90.0712747326047,4,11.2399664734075
88.0846303510115,4,11.6873664938055
90.5660969571514,4,11.1435450043664
89.7188838261771,4,11.3223548855738
91.5557345956973,4,10.9889018059154
90.3851335184964,4,11.1760899378462
89.6900513487828,4,11.3251401289475
91.0330632613123,4,11.0566032248846
91.720626253025,4,10.9697781702582
91.5181866946337,4,10.9888295171896
90.6026185585997,4,11.1370170296422
92.3377677307568,4,10.9443207722146
90.0260503851577,4,11.2526640775642
92.698237856226,4,10.9588638496412
93.2542809394298,4,11.0188089070727
93.3318649223606,4,11.0350128951699
94.1198860646994,4,11.2445377175367
91.9716768148454,4,10.9544231601739
91.1625387722357,4,11.0356989173755
92.6595753435714,4,10.9530719599117
94.9904269330324,4,11.6193615758126
93.9488404554056,4,11.1864513901317
93.9569512820583,4,11.1843042223368
95.1026880114188,4,11.6757594587164
94.8321544466322,4,11.5387626337263
95.8516922689619,4,12.1265843716059
96.6248691987835,4,12.6639493549782
94.9834435254102,4,11.61328036613
95.8165977193854,4,12.101590726555
95.5471098352361,4,11.9291503936919
95.6179547544013,4,11.9757054092437
96.263925261831,4,12.4038161252918
97.0611738399585,4,12.9888973802862
97.8478587781944,4,13.5945925017009
97.8133165719737,4,13.5680675687144
97.8580326558075,4,13.6013742239525
98.5019866057727,4,14.0819653579769
98.5846425441094,4,14.1329800218552
98.0723397903162,4,13.765096303621
98.7226205803598,4,14.2327796921489
98.2464073935277,4,13.8945716102192
97.0221023808795,4,12.9646987155977
100.845375939408,4,15.2832120431907
100.540736973254,4,15.1941317997177
98.0080719802716,4,13.715003959084
98.9675507348111,4,14.3951785549264
99.929932769834,4,14.9444443383687
101.389381170511,4,15.3963521060012
101.459740260164,4,15.4035378810487
100.048588444406,4,14.9941801816749
101.049094583254,4,15.3318986483882
100.951583447171,4,15.313391234133
101.020468295648,4,15.3317883295309
102.62232144631,4,15.378727973744
101.50034538199,4,15.4061893011425
102.207056729753,4,15.4237592603123
102.062535621788,4,15.4273525226428
105.256782788937,4,14.4478456709941
102.138592433761,4,15.4268773027006
104.234960576731,4,14.9083230148892
103.825146212583,4,15.0643413673348
105.09618538755,4,14.5257009609456
103.515932193055,4,15.1640374910316
105.16331158345,4,14.4883750743223
104.56367002842,4,14.7647986009978
104.02177721492,4,14.9853081039503
104.753633273298,4,14.6813046068008
105.264395175574,4,14.4446820989381
106.153511947539,4,14.0162162800188
105.230467146115,4,14.4598060839201
106.261083881585,4,13.9645543490639
103.754216139701,4,15.0872703161966
106.624133952194,4,13.8003148053571
105.337544673292,4,14.4112617812358
107.099740504578,4,13.5820433885795
108.039988653393,4,13.1957927666396
108.986680018562,4,12.8644976589768
107.958582573706,4,13.2286789832887
109.05128169273,4,12.8472352019125
108.071224430948,4,13.1833566759806
107.040485988881,4,13.6064221267834
109.389703117026,4,12.7372402613438
111.046042154713,4,12.2656907802351
109.191787552636,4,12.7993507906128
108.96547781153,4,12.8737048992065
109.815589265971,4,12.6107063415278
108.613866489018,4,12.9884544426543
108.340104054861,4,13.0876321839989
111.250106145001,4,12.2165606659519
110.67197835026,4,12.3700559696423
109.137041485978,4,12.8171371017079
111.425789198119,4,12.1682078605729
112.108504590371,4,11.9799967387547
110.20220366762,4,12.4994499176559
113.746140908119,4,11.5375578287552
113.404210741213,4,11.626833186452
113.398638812848,4,11.630234159186
112.565350612268,4,11.8570844572681
112.023045324457,4,12.0028235670644
112.244802559195,4,11.9450411004842
112.056974400321,4,11.9942704841494
114.367132368608,4,11.3829428054376
113.638490218703,4,11.5682554725473
113.524451749809,4,11.5908190797851
113.470903566097,4,11.6073306687532
116.443327736511,4,11.1550298978905
115.042598878114,4,11.2520940348419
114.757665701278,4,11.3041930324261
116.823272691715,4,11.1879181651665
114.565890535933,4,11.3413656362481
113.53201058938,4,11.5925098472414
116.696449654972,4,11.1809955754047
114.643797753767,4,11.3299923170524
114.582740920882,4,11.3408451827742
116.156849294169,4,11.1526125379349
117.901482481479,4,11.4387914135348
115.907873015119,4,11.1654686610911
119.268630294975,4,12.1235280791758
117.593156890698,4,11.3473147600268
117.721257294874,4,11.3842753997591
119.515882005701,4,12.2877569780096
116.618558183926,4,11.1664332067832
118.934351101494,4,11.9195875074469
119.078591269217,4,12.0102871139438
117.517647588349,4,11.3243841901702
118.242852886921,4,11.572480185334
122.509370009998,4,14.7274739860182
121.1016858804,4,13.5380165522253
120.584454847492,4,13.0997494578643
-1.13409323632981,5,-2.67076827483961
0.616348745474245,5,-2.45687215834714
1.07098125774295,5,-2.30017141430177
0.814487899937453,5,-2.39144168295315
0.340520311141681,5,-2.5329149927632
0.864670325160994,5,-2.37694033895077
2.3898078916961,5,-1.71131928530623
1.13132629374944,5,-2.27925503847112
1.35063398462066,5,-2.18571641412843
2.79971106624537,5,-1.51410923384335
2.71754159455946,5,-1.5588344252103
3.44908501310387,5,-1.22876693060137
2.15056960468848,5,-1.83175944902974
1.32686518031912,5,-2.19643156126913
3.19391333660373,5,-1.33202328761437
4.91394302648388,5,-0.762545995495395
1.93501630426285,5,-1.92936458651423
3.25145538014288,5,-1.3129145236184
6.07808289117713,5,-0.694466501980191
2.06155158085805,5,-1.87189916247473
6.47046179205797,5,-0.729140841871921
5.14883618055008,5,-0.727320608254402
5.90814783618954,5,-0.682564374412282
5.8740860504296,5,-0.688542807376818
4.86664436801702,5,-0.770042836251867
4.55043691351731,5,-0.84329306790623
5.93613311219254,5,-0.685273149187496
6.62720204144024,5,-0.757062324457553
7.19456639625181,5,-0.873193305171285
7.20801549557641,5,-0.87548994193968
7.62706357850006,5,-0.989457802913023
6.04945096787384,5,-0.694907475223594
7.91902100112683,5,-1.07868371695041
8.34399035466514,5,-1.21710482497983
8.1766928330359,5,-1.16067368391844
8.39563813605471,5,-1.24021377547049
8.46934468865934,5,-1.26223060662706
8.77202292056949,5,-1.36093918135486
8.62293704043275,5,-1.31251504327522
10.3097756388753,5,-1.79359800859671
8.72083483682725,5,-1.34326935503269
10.6150414558069,5,-1.8480938571008
11.5091477091784,5,-1.93601221819397
10.2966563279129,5,-1.79353361784955
8.80412292497603,5,-1.37627403104577
12.3543700655542,5,-1.91958234091577
12.3084063395714,5,-1.91805921032687
11.1286087243788,5,-1.91065885661869
12.7232890311654,5,-1.8919963878771
8.28322005086955,5,-1.19519251192913
11.8934792236153,5,-1.93937423871504
13.109139459772,5,-1.84645652814851
12.0460551036792,5,-1.93669965328146
10.9422574515216,5,-1.89095080387744
12.3561232922786,5,-1.92099783286712
12.6658286522591,5,-1.89422789004009
12.3464320642248,5,-1.92011727102694
13.3275900656516,5,-1.82324331290973
12.8574757904941,5,-1.87416146682517
15.5353794381841,5,-1.66853809292446
15.7577836145621,5,-1.68670014877556
16.9860221608897,5,-1.90683914387268
13.1512994873275,5,-1.84855104675826
17.3374508305548,5,-2.0155565776913
15.0777157585632,5,-1.66463138999096
13.4971544347126,5,-1.79842021571402
17.1541358342314,5,-1.95898987362789
16.5144652235771,5,-1.79017434389652
15.6247262535677,5,-1.67322561261643
16.5220225541849,5,-1.79554673067148
16.7918498051443,5,-1.85575446670227
15.8541375244537,5,-1.69022177969072
17.8454825418315,5,-2.20454549507539
16.5752813830758,5,-1.80245499014256
17.8906399483131,5,-2.21582857464045
17.9034230912898,5,-2.22473874829722
18.722312557479,5,-2.56758154142755
17.7165297148184,5,-2.15577612612612
19.0875840105311,5,-2.72798299623671
19.1723581407514,5,-2.77168922135327
20.2115789907694,5,-3.15804266807295
18.169583181032,5,-2.33297383036765
19.4955919250302,5,-2.90128338856179
19.2351869382966,5,-2.79446625312258
21.1421568759573,5,-3.35466381864219
17.4175937655549,5,-2.04415072974005
20.0232354962396,5,-3.09975059600431
21.0722704707927,5,-3.34815631620221
21.8664216649943,5,-3.34699531626457
18.8996771652321,5,-2.65072377663006
23.1997563064129,5,-2.91954313099445
21.2227395137001,5,-3.36019211736772
21.5051561967821,5,-3.37160164725895
22.6864412136205,5,-3.15080326959637
22.0824209280426,5,-3.31795903168288
22.3776412868282,5,-3.24961349367923
21.8522133115068,5,-3.34975268005335
23.5231824494036,5,-2.73898015413333
25.1801503609718,5,-1.4848241484694
23.8368686904089,5,-2.53337699141484
24.7400424847308,5,-1.85330962375763
23.4732299569228,5,-2.7667723243531
25.1297327041932,5,-1.52742625852236
24.7470370691512,5,-1.8490683030083
25.9117024731567,5,-0.861380337373358
24.7393100220942,5,-1.85322043504975
26.3830352396504,5,-0.48251197820112
26.0458505336889,5,-0.752220743086649
27.0535177793544,5,0.00221684690606727
25.4848999213798,5,-1.22225061975896
25.5486930869213,5,-1.16748307766773
27.4350923539474,5,0.230752634448661
27.6885431319922,5,0.359138274397602
26.8129526350631,5,-0.160531109807302
26.4078482879334,5,-0.46001759947454
28.082322376184,5,0.52329005915023
27.8894046729378,5,0.451939324172432
28.4204523121542,5,0.632210653928067
28.2062637011099,5,0.569378280513915
29.7729846236631,5,0.687453711217355
28.5915311184714,5,0.671379443381875
27.7040893296757,5,0.36695133178051
29.4763343565393,5,0.722913212476229
29.7267057216251,5,0.691311878345792
30.9745800254478,5,0.329055615191698
29.2168303527697,5,0.731707846185031
31.7478397466083,5,-0.0196177125490604
31.4489181939167,5,0.115505726316911
32.2742445115166,5,-0.277882759520018
31.2501811929305,5,0.212585559752372
31.4576682255647,5,0.115975764098814
31.1257076795688,5,0.264570326210114
31.7582638217419,5,-0.0265026266615354
32.6327584142458,5,-0.450078476340432
31.7028690054686,5,-0.00176799371888603
32.0857159094768,5,-0.184508932743936
33.5673898336693,5,-0.852246823100721
32.528946384574,5,-0.400963999994532
32.1479804962173,5,-0.223324153800081
36.2742762564025,5,-1.32377218421158
31.9281133832241,5,-0.109245088015654
33.6177855903778,5,-0.864115585069564
34.2095922418876,5,-1.05403137402941
34.8822427368911,5,-1.20303646692354
34.2387102081607,5,-1.06311293275527
35.9507564065063,5,-1.30773296895608
36.4164174045947,5,-1.32471427017116
36.2773133548307,5,-1.31964139916098
35.4201035852743,5,-1.27179327777091
34.5070523827749,5,-1.12988837469701
35.1721666665014,5,-1.24827983868043
36.5450312011486,5,-1.32627465659231
38.0584781004157,5,-1.3885767022327
36.8036847726791,5,-1.32836895810079
37.8681276128816,5,-1.36798255755623
36.5863020211394,5,-1.32207248742698
36.8634857724447,5,-1.33129616541317
38.1144957340524,5,-1.39697895733683
38.2653654844363,5,-1.41145846286371
38.7283067761453,5,-1.50097245531555
37.9143050367244,5,-1.37647237388102
39.1761339330758,5,-1.61780786190258
39.2403562043364,5,-1.64159008218897
38.1036868266473,5,-1.39237305686984
40.3619678070453,5,-2.1334863446027
41.3829241460594,5,-2.77278745145223
39.3327320703453,5,-1.67470142918251
40.4534629963322,5,-2.18884859066973
40.3058017673918,5,-2.10597375491635
42.0497054077131,5,-3.24098471771856
40.3830586909224,5,-2.14751095005234
41.5654062235092,5,-2.90232252050446
41.3256007011775,5,-2.7329309004261
42.1622697171945,5,-3.31292689682658
41.8660843016395,5,-3.10944594799691
42.1925322969017,5,-3.33872779289156
42.3891392154886,5,-3.47402891508559
42.8416788141801,5,-3.76664223824551
45.158927218386,5,-4.42401886408112
41.166380505951,5,-2.63083558978892
42.980045122791,5,-3.84758217193644
44.1128373609497,5,-4.35794875285991
44.4835778904894,5,-4.43596590515208
44.0656935138364,5,-4.34482335822176
43.2674906537658,5,-4.01223891779812
45.1541017605315,5,-4.42365488415237
44.2342758033955,5,-4.38704225155339
44.6000246595934,5,-4.44632499507745
44.7834668881076,5,-4.45601754120457
44.2371410984685,5,-4.3849156550579
48.1574637906909,5,-2.04599723554929
45.1522756407117,5,-4.42287151351795
44.5448661606303,5,-4.44159800678045
46.6692405873462,5,-3.66147767880318
47.9064391980791,5,-2.36111663062984
46.6566608416335,5,-3.67086487223094
47.6505981338818,5,-2.66643608952994
46.9866572381089,5,-3.37489867833985
47.144338179958,5,-3.22251546706726
47.722529301856,5,-2.58046506438318
47.0581403915568,5,-3.29965501798352
47.6315368426808,5,-2.68984171449915
50.2181776719053,5,0.570133864045689
49.3584063389694,5,-0.475470785018081
48.975072549736,5,-0.979534883604078
49.117514237767,5,-0.790885736873532
48.2968599820534,5,-1.87210887324613
48.9419991139225,5,-1.02174671126638
51.5383701309314,5,1.75445006141388
50.452834733136,5,0.829082689523474
50.121617278047,5,0.465291866136189
49.9547102108256,5,0.268916301356134
51.2334811546854,5,1.54359973212137
51.3653135125426,5,1.64525960029328
48.947510976369,5,-1.02183479548638
49.8729212302923,5,0.170918472949538
52.8475343421689,5,2.19431493049159
53.6853243177184,5,2.08248796849942
51.7665991783097,5,1.89116218357906
53.995903443553,5,1.97970369030479
52.4046198411476,5,2.13654643943904
53.4020420950985,5,2.15307484088381
51.748655091079,5,1.87835182472194
51.7450626399042,5,1.87795145595673
53.8906278596202,5,2.0193580766122
52.0178769721507,5,2.01048715958277
53.7836861270889,5,2.05374909639687
52.7198303623127,5,2.18619222153542
55.2456773953544,5,1.30763723778673
54.5927734189342,5,1.69666641390321
56.7854231852133,5,0.323618082942557
55.7615802091475,5,0.970522396169093
55.8906708338192,5,0.888512406585614
56.4370067884424,5,0.531495610416853
55.0258251310523,5,1.44475790699532
56.4127830523049,5,0.549448227173619
57.7422082716308,5,-0.166347155700605
57.3290012985584,5,0.027311317429754
57.8887865843149,5,-0.226647139039165
56.6436208330579,5,0.410050167437972
56.9920186219179,5,0.203581553276045
56.5233484492346,5,0.480660014882524
55.8070560848059,5,0.945121108979502
58.0823070856726,5,-0.298318018657911
58.2193987046031,5,-0.345374090718671
58.9496881079673,5,-0.537662426008766
59.129603773771,5,-0.571908630205602
59.4811705796996,5,-0.623388029663955
59.7238776432037,5,-0.652763527020669
58.9882272184369,5,-0.54216940073658
61.108240152648,5,-0.818004851415167
59.7689524921203,5,-0.66107555053216
60.6650419693109,5,-0.755837209927213
60.4927233622194,5,-0.735716020249165
62.6607126261935,5,-1.29170121427196
61.5502683073995,5,-0.900654846996248
60.6930907879459,5,-0.76022952190717
58.9326015109634,5,-0.532079442285234
62.2232732649511,5,-1.09880531529538
62.8124321201217,5,-1.3682452712857
60.742072530227,5,-0.765373844227844
62.5927759691033,5,-1.25866614824804
61.159466763671,5,-0.824421056611332
62.5046863910595,5,-1.21964001811612
64.3220795743242,5,-2.47365856584385
63.3837812368035,5,-1.71908169978029
63.4120835831638,5,-1.73916384211338
64.0241828300155,5,-2.20910669149184
63.6095929100263,5,-1.88082770705788
65.0291273233288,5,-3.15784689786896
65.8746216517778,5,-4.02023168510306
66.1012205862369,5,-4.24419911862412
65.2852313498269,5,-3.41901577304353
64.5700618011212,5,-2.70846527817544
66.8524013769759,5,-4.91261019487843
66.8283953117047,5,-4.89429647028257
65.6359589541826,5,-3.78160193213694
66.6356540117805,5,-4.73756552942262
67.1049709440512,5,-5.11003394297145
66.3494287857964,5,-4.48042815550885
67.8623233546933,5,-5.51371710839863
67.4192606353126,5,-5.30750738920635
66.8069036634636,5,-4.87753270561059
68.9523710704304,5,-5.56296185348178
68.7771201267266,5,-5.60566412747254
68.8559519895892,5,-5.58614806957788
69.4515185024431,5,-5.34265029223414
70.4968380863242,5,-4.38147536737899
69.2010572566316,5,-5.46827346233072
69.64441066335,5,-5.2108220272351
69.3420972949189,5,-5.40639403266857
70.7945136752016,5,-3.99650529005267
70.1564673539824,5,-4.76063062615709
70.9679006882338,5,-3.75113230378423
71.5372090156633,5,-2.86201572902061
68.7495867582746,5,-5.60937389865164
70.4655986776096,5,-4.4176777222676
71.4400839402452,5,-3.02262728396957
71.3516931461574,5,-3.16148443754951
72.6912609574962,5,-0.816447497587569
71.7156842943071,5,-2.56162858682647
72.1831151619086,5,-1.7393296358655
73.1895757518155,5,0.0788839314255249
70.9514794489907,5,-3.77176838483375
75.6076621211691,5,3.27963352706615
73.7207484551773,5,0.985800244631673
75.8628213999952,5,3.43392913842177
73.8965915377696,5,1.27318130953915
74.8374844508452,5,2.56284384225772
74.6288623277593,5,2.31356634999593
74.404829254045,5,2.02022753860866
74.8069147866828,5,2.53091500969001
75.4732064782583,5,3.17898966972301
76.6325574574054,5,3.67361403609566
75.9093581051396,5,3.46263604198442
74.5969342393703,5,2.27235128861749
76.9782635250385,5,3.67149382589687
77.2110663233987,5,3.63342247639021
77.9925179828168,5,3.31757150405168
77.0946006794458,5,3.65517209881215
76.7276251388533,5,3.68330551975312
75.7355205662601,5,3.3632318782232
77.4878820567873,5,3.55422338229777
78.1647813521591,5,3.21588172107984
77.9238400180503,5,3.35309126127932
78.4604294026211,5,3.02015960172132
79.9471024112161,5,1.82530199197134
78.7598729709602,5,2.79614338803716
79.1260628449781,5,2.50916712518421
79.695802335327,5,2.02971339700573
80.3514638259097,5,1.49504032290395
80.2135215178026,5,1.60588813037512
79.6325898339576,5,2.08584823587213
79.2599077620438,5,2.390521460318
80.4026803945772,5,1.45011079053
80.1566541787636,5,1.64891013127796
81.4841334784847,5,0.72020969075297
81.0195033334782,5,1.00680440489848
82.1342338046416,5,0.405246354837062
81.7743763730988,5,0.568924334433803
80.9456611679129,5,1.05616726086186
80.6027084771643,5,1.30100280815632
82.1583889682197,5,0.399845833323137
83.3905518846323,5,0.0445663573074007
83.6118434010808,5,0.00115732144921888
83.3908182085029,5,0.0483048183092184
83.4297776409466,5,0.0361675807759902
83.8563374535352,5,-0.0366427990251181
82.9072846334852,5,0.150665554010768
84.048911610846,5,-0.0741744280724772
84.5207683731927,5,-0.155135923860444
84.6310640921524,5,-0.182564166342851
85.060008550061,5,-0.288874507433704
85.7043247033705,5,-0.519911402545179
85.5529150684941,5,-0.457889080741701
84.8503931874692,5,-0.230511534829079
86.9100114397418,5,-1.29702046450042
87.2955921771163,5,-1.66138092513679
88.0190813835013,5,-2.45844662037521
87.5459776808849,5,-1.91319985777737
86.0602398768585,5,-0.703096108442139
87.1051528982492,5,-1.46971608627323
87.1199102546275,5,-1.48415638835012
87.5820163180388,5,-1.95119520247035
88.5675208311262,5,-3.15464458577799
88.089926115711,5,-2.5369576661609
87.7148476989487,5,-2.10116745834253
88.4846697874733,5,-3.05050993878232
85.6184499278818,5,-0.481848071565698
87.4043678799564,5,-1.76619124203847
88.5702417333034,5,-3.1595641745174
88.1413557443376,5,-2.60757068954745
89.8692866970741,5,-4.91723808317152
89.6959184786447,5,-4.68852592183743
91.4871709390805,5,-6.56596965504068
90.3381810472937,5,-5.50115317392803
90.4830462504314,5,-5.66753009483672
90.5855613132991,5,-5.78265421125033
90.9467779103951,5,-6.14447017676286
91.6984620779086,5,-6.681149593204
90.9857777735164,5,-6.18239269519344
91.6405417007709,5,-6.64956214063778
90.8380603136767,5,-6.04607362268788
92.1836394837249,5,-6.8230303252395
90.9925721441454,5,-6.18986864711449
92.38370628977,5,-6.83139151850587
92.1287898207948,5,-6.8164661912493
92.0952453552546,5,-6.80872681075561
92.6804649982426,5,-6.78444840635099
92.593875145292,5,-6.79990474072507
93.0541485132968,5,-6.62551591452694
94.641628613915,5,-4.72029319736845
94.0869942430593,5,-5.5977452181524
94.2976380004238,5,-5.28625354941177
93.0827896743316,5,-6.60524072462954
95.9705586122011,5,-1.95540024255436
95.262584424819,5,-3.51074538257423
96.0201578175014,5,-1.83554339210072
96.7890371980266,5,-0.0493111494129836
97.1426411512988,5,0.75105493561472
98.1435249012995,5,2.81401685145389
95.5286258727569,5,-2.94884773373835
95.4267209209587,5,-3.1647255022916
97.7002509515701,5,1.95458773440415
95.656525325407,5,-2.6673204206373
97.905026264576,5,2.36477295371751
96.4285909739682,5,-0.890276769303421
99.6977904649743,5,4.82852867730232
98.5213487616053,5,3.45414465633504
98.5449826839879,5,3.489247752982
97.27111129105,5,1.03904704905727
97.6505510904453,5,1.85325193181377
99.2963958673991,5,4.4705964890364
99.2554401140791,5,4.42937472896834
99.0520340350104,5,4.2019601114041
99.3996819917541,5,4.57352284036302
99.8729634951129,5,4.94430670990731
98.9070723752172,5,4.00991191900119
101.905707693398,5,4.7153105236924
100.431638537967,5,5.15867301170567
100.933484463081,5,5.15777223963457
101.135336625578,5,5.10751970347488
100.235047393664,5,5.1101949319488
101.606597049664,5,4.90439374433101
101.175212790327,5,5.09520748470082
101.997009802327,5,4.64644584668952
102.473991061931,5,4.25533339117669
101.597677408956,5,4.91334878833365
102.367311428987,5,4.3500971977781
102.861268759696,5,3.88995188642884
103.563190779727,5,3.17805732574448
104.098964882593,5,2.63817630598943
104.540644901473,5,2.22668652294542
102.954710910993,5,3.79980395333003
104.136285226757,5,2.60285095123263
105.755144879794,5,1.32091560151548
104.994287109922,5,1.84324720576528
102.895466581848,5,3.85498246763547
103.585239917139,5,3.15387104370747
105.445940277184,5,1.50886139063212
105.962994064947,5,1.20791938168563
105.461151593604,5,1.50348309598388
106.452580194863,5,0.989802190073824
107.315207972944,5,0.72199626049855
105.605460559885,5,1.4134098603716
106.052766704255,5,1.16836729631165
107.079273371024,5,0.786293792699736
107.021495066723,5,0.800687776747608
106.247863087745,5,1.07479554884153
110.853517300307,5,-1.11043042004032
109.125951110829,5,0.209026647173564
108.43690839879,5,0.450772922345087
109.947373838942,5,-0.275842046562522
109.411775854612,5,0.0693161412921698
109.143701946913,5,0.195883291243407
109.091749905847,5,0.220986039452916
111.255801040967,5,-1.60545161167191
110.210583188286,5,-0.477701775092293
108.771384146369,5,0.35042238774076
109.925283801717,5,-0.25251969715888
109.227108878462,5,0.158723017872558
109.204107872652,5,0.17211976643917
110.695402904786,5,-0.940520605605224
112.255558579474,5,-3.08764924125687
111.070930735305,5,-1.36289330582863
111.907828396661,5,-2.53215606041766
111.825415603609,5,-2.40653336694698
112.908006770138,5,-4.18445334871184
113.789918561673,5,-5.69036976164134
113.184339271932,5,-4.66413710454768
111.284939487023,5,-1.63987371864599
114.236002979028,5,-6.38392217509401
113.945145742413,5,-5.94016313823215
114.679966677317,5,-6.99184264850528
113.824614311561,5,-5.74648285858972
114.621586679667,5,-6.92078562392165
114.086059886607,5,-6.16197353073832
114.161814976442,5,-6.27442928083583
115.582719518347,5,-7.84576525985799
114.569704848985,5,-6.8531293622845
117.78154335493,5,-6.86370947256076
114.799791738761,5,-7.14239752863187
118.408767665969,5,-5.73152691638953
116.160016023147,5,-8.04638510310052
117.52176377954,5,-7.22488755414192
116.896709681175,5,-7.82942300434776
116.068445206524,5,-8.03170315414074
116.728932048196,5,-7.92528549203413
117.281777400735,5,-7.50444816599296
116.956543000547,5,-7.79077288129757
116.368525945281,5,-8.03705112183619
118.790340626754,5,-4.88946124333777
119.708037580218,5,-2.52178375578786
118.872938528524,5,-4.6984233921442
117.939280854056,5,-6.60823810623606
120.513041771877,5,-0.243882550751868
119.923998758228,5,-1.91882262046531
118.525327784741,5,-5.48171487989712
120.090238070072,5,-1.44857223461774
120.731735514565,5,0.375867050309541
